project,event_kind,event_label,event_date,metric_name,baseline,immediate,sustained,trend_pct_per_day,counterfactual_immediate,counterfactual_sustained,immediate_lift_pct,sustained_lift_pct,robust_z,zero_baseline,classification,confounded,pre_days_available,post_days_available,sustain_days_available,notes
tiangolo/fastapi,release,0.1.11,2018-12-15,pypi.downloads,,,,,,,,,,False,INSUFFICIENT,True,0,0,0,"another event falls within this event's analysis window; insufficient data: baseline 0/2 complete weeks, immediate 0/2 complete weeks"
tiangolo/fastapi,release,v0.1.16,2018-12-30,pypi.downloads,,,,,,,,,,False,INSUFFICIENT,True,0,0,0,"another event falls within this event's analysis window; insufficient data: baseline 0/2 complete weeks, immediate 0/2 complete weeks"
tiangolo/fastapi,release,0.1.17,2019-01-05,pypi.downloads,,,,,,,,,,False,INSUFFICIENT,True,0,0,0,"another event falls within this event's analysis window; insufficient data: baseline 0/2 complete weeks, immediate 0/2 complete weeks"
tiangolo/fastapi,release,0.1.19,2019-02-01,pypi.downloads,,,,,,,,,,False,INSUFFICIENT,True,0,0,0,"another event falls within this event's analysis window; insufficient data: baseline 0/2 complete weeks, immediate 0/2 complete weeks"
tiangolo/fastapi,release,0.2.0,2019-02-08,pypi.downloads,,,,,,,,,,False,INSUFFICIENT,True,0,0,0,"another event falls within this event's analysis window; insufficient data: baseline 0/2 complete weeks, immediate 0/2 complete weeks"
tiangolo/fastapi,release,0.2.1,2019-02-12,pypi.downloads,,,,,,,,,,False,INSUFFICIENT,True,0,0,0,"another event falls within this event's analysis window; insufficient data: baseline 0/2 complete weeks, immediate 0/2 complete weeks"
tiangolo/fastapi,release,0.3.0,2019-02-12,pypi.downloads,,,,,,,,,,False,INSUFFICIENT,True,0,0,0,"another event falls within this event's analysis window; insufficient data: baseline 0/2 complete weeks, immediate 0/2 complete weeks"
tiangolo/fastapi,release,0.4.0,2019-02-16,pypi.downloads,,,,,,,,,,False,INSUFFICIENT,True,0,0,0,"another event falls within this event's analysis window; insufficient data: baseline 0/2 complete weeks, immediate 0/2 complete weeks"
tiangolo/fastapi,release,0.5.0,2019-02-16,pypi.downloads,,,,,,,,,,False,INSUFFICIENT,True,0,0,0,"another event falls within this event's analysis window; insufficient data: baseline 0/2 complete weeks, immediate 0/2 complete weeks"
tiangolo/fastapi,release,0.5.1,2019-02-18,pypi.downloads,,,,,,,,,,False,INSUFFICIENT,True,0,0,0,"another event falls within this event's analysis window; insufficient data: baseline 0/2 complete weeks, immediate 0/2 complete weeks"
tiangolo/fastapi,release,0.6.0,2019-02-19,pypi.downloads,,,,,,,,,,False,INSUFFICIENT,True,0,0,0,"another event falls within this event's analysis window; insufficient data: baseline 0/2 complete weeks, immediate 0/2 complete weeks"
tiangolo/fastapi,release,0.6.1,2019-02-20,pypi.downloads,,,,,,,,,,False,INSUFFICIENT,True,0,0,0,"another event falls within this event's analysis window; insufficient data: baseline 0/2 complete weeks, immediate 0/2 complete weeks"
tiangolo/fastapi,release,0.6.2,2019-02-23,pypi.downloads,,,,,,,,,,False,INSUFFICIENT,True,0,0,0,"another event falls within this event's analysis window; insufficient data: baseline 0/2 complete weeks, immediate 0/2 complete weeks"
tiangolo/fastapi,release,0.6.3,2019-02-23,pypi.downloads,,,,,,,,,,False,INSUFFICIENT,True,0,0,0,"another event falls within this event's analysis window; insufficient data: baseline 0/2 complete weeks, immediate 0/2 complete weeks"
tiangolo/fastapi,release,0.6.4,2019-03-02,pypi.downloads,,,,,,,,,,False,INSUFFICIENT,True,0,0,0,"another event falls within this event's analysis window; insufficient data: baseline 0/2 complete weeks, immediate 0/2 complete weeks"
tiangolo/fastapi,release,0.7.0,2019-03-03,pypi.downloads,,,,,,,,,,False,INSUFFICIENT,True,0,0,0,"another event falls within this event's analysis window; insufficient data: baseline 0/2 complete weeks, immediate 0/2 complete weeks"
tiangolo/fastapi,release,0.7.1,2019-03-04,pypi.downloads,,,,,,,,,,False,INSUFFICIENT,True,0,0,0,"another event falls within this event's analysis window; insufficient data: baseline 0/2 complete weeks, immediate 0/2 complete weeks"
tiangolo/fastapi,release,0.8.0,2019-03-16,pypi.downloads,,,,,,,,,,False,INSUFFICIENT,True,0,0,0,"another event falls within this event's analysis window; insufficient data: baseline 0/2 complete weeks, immediate 0/2 complete weeks"
tiangolo/fastapi,release,0.9.0,2019-03-22,pypi.downloads,,,,,,,,,,False,INSUFFICIENT,True,0,0,0,"another event falls within this event's analysis window; insufficient data: baseline 0/2 complete weeks, immediate 0/2 complete weeks"
tiangolo/fastapi,release,0.9.1,2019-03-22,pypi.downloads,,,,,,,,,,False,INSUFFICIENT,True,0,0,0,"another event falls within this event's analysis window; insufficient data: baseline 0/2 complete weeks, immediate 0/2 complete weeks"
tiangolo/fastapi,release,0.10.0,2019-03-24,pypi.downloads,,,,,,,,,,False,INSUFFICIENT,True,0,0,0,"another event falls within this event's analysis window; insufficient data: baseline 0/2 complete weeks, immediate 0/2 complete weeks"
tiangolo/fastapi,release,0.10.1,2019-03-25,pypi.downloads,,,,,,,,,,False,INSUFFICIENT,True,0,0,0,"another event falls within this event's analysis window; insufficient data: baseline 0/2 complete weeks, immediate 0/2 complete weeks"
tiangolo/fastapi,release,0.10.2,2019-03-29,pypi.downloads,,,,,,,,,,False,INSUFFICIENT,True,0,0,0,"another event falls within this event's analysis window; insufficient data: baseline 0/2 complete weeks, immediate 0/2 complete weeks"
tiangolo/fastapi,release,0.10.3,2019-03-30,pypi.downloads,,,,,,,,,,False,INSUFFICIENT,True,0,0,0,"another event falls within this event's analysis window; insufficient data: baseline 0/2 complete weeks, immediate 0/2 complete weeks"
tiangolo/fastapi,release,0.11.0,2019-04-03,pypi.downloads,,,,,,,,,,False,INSUFFICIENT,True,0,0,0,"another event falls within this event's analysis window; insufficient data: baseline 0/2 complete weeks, immediate 0/2 complete weeks"
tiangolo/fastapi,release,0.12.0,2019-04-05,pypi.downloads,,,,,,,,,,False,INSUFFICIENT,True,0,0,0,"another event falls within this event's analysis window; insufficient data: baseline 0/2 complete weeks, immediate 0/2 complete weeks"
tiangolo/fastapi,release,0.12.1,2019-04-05,pypi.downloads,,,,,,,,,,False,INSUFFICIENT,True,0,0,0,"another event falls within this event's analysis window; insufficient data: baseline 0/2 complete weeks, immediate 0/2 complete weeks"
tiangolo/fastapi,release,0.13.0,2019-04-09,pypi.downloads,,,,,,,,,,False,INSUFFICIENT,True,0,0,0,"another event falls within this event's analysis window; insufficient data: baseline 0/2 complete weeks, immediate 0/2 complete weeks"
tiangolo/fastapi,release,0.14.0,2019-04-12,pypi.downloads,,,,,,,,,,False,INSUFFICIENT,True,0,0,0,"another event falls within this event's analysis window; insufficient data: baseline 0/2 complete weeks, immediate 0/2 complete weeks"
tiangolo/fastapi,release,0.15.0,2019-04-14,pypi.downloads,,,,,,,,,,False,INSUFFICIENT,True,0,0,0,"another event falls within this event's analysis window; insufficient data: baseline 0/2 complete weeks, immediate 0/2 complete weeks"
tiangolo/fastapi,release,0.16.0,2019-04-16,pypi.downloads,,,,,,,,,,False,INSUFFICIENT,True,0,0,0,"another event falls within this event's analysis window; insufficient data: baseline 0/2 complete weeks, immediate 0/2 complete weeks"
tiangolo/fastapi,release,0.17.0,2019-04-20,pypi.downloads,,,,,,,,,,False,INSUFFICIENT,True,0,0,0,"another event falls within this event's analysis window; insufficient data: baseline 0/2 complete weeks, immediate 0/2 complete weeks"
tiangolo/fastapi,release,0.18.0,2019-04-22,pypi.downloads,,,,,,,,,,False,INSUFFICIENT,True,0,0,0,"another event falls within this event's analysis window; insufficient data: baseline 0/2 complete weeks, immediate 0/2 complete weeks"
tiangolo/fastapi,release,0.19.0,2019-04-26,pypi.downloads,,,,,,,,,,False,INSUFFICIENT,True,0,0,0,"another event falls within this event's analysis window; insufficient data: baseline 0/2 complete weeks, immediate 0/2 complete weeks"
tiangolo/fastapi,release,0.20.0,2019-04-27,pypi.downloads,,,,,,,,,,False,INSUFFICIENT,True,0,0,0,"another event falls within this event's analysis window; insufficient data: baseline 0/2 complete weeks, immediate 0/2 complete weeks"
tiangolo/fastapi,release,0.20.1,2019-05-11,pypi.downloads,,,,,,,,,,False,INSUFFICIENT,True,0,0,0,"another event falls within this event's analysis window; insufficient data: baseline 0/2 complete weeks, immediate 0/2 complete weeks"
tiangolo/fastapi,release,0.21.0,2019-05-15,pypi.downloads,,,,,,,,,,False,INSUFFICIENT,True,0,0,0,"another event falls within this event's analysis window; insufficient data: baseline 0/2 complete weeks, immediate 0/2 complete weeks"
tiangolo/fastapi,release,0.22.0,2019-05-16,pypi.downloads,,,,,,,,,,False,INSUFFICIENT,True,0,0,0,"another event falls within this event's analysis window; insufficient data: baseline 0/2 complete weeks, immediate 0/2 complete weeks"
tiangolo/fastapi,release,0.23.0,2019-05-21,pypi.downloads,,,,,,,,,,False,INSUFFICIENT,True,0,0,0,"another event falls within this event's analysis window; insufficient data: baseline 0/2 complete weeks, immediate 0/2 complete weeks"
tiangolo/fastapi,release,0.24.0,2019-05-24,pypi.downloads,,,,,,,,,,False,INSUFFICIENT,True,0,0,0,"another event falls within this event's analysis window; insufficient data: baseline 0/2 complete weeks, immediate 0/2 complete weeks"
tiangolo/fastapi,release,0.25.0,2019-05-27,pypi.downloads,,,,,,,,,,False,INSUFFICIENT,True,0,0,0,"another event falls within this event's analysis window; insufficient data: baseline 0/2 complete weeks, immediate 0/2 complete weeks"
tiangolo/fastapi,release,0.26.0,2019-05-29,pypi.downloads,,,,,,,,,,False,INSUFFICIENT,True,0,0,0,"another event falls within this event's analysis window; insufficient data: baseline 0/2 complete weeks, immediate 0/2 complete weeks"
tiangolo/fastapi,release,0.27.0,2019-05-30,pypi.downloads,,,,,,,,,,False,INSUFFICIENT,True,0,0,0,"another event falls within this event's analysis window; insufficient data: baseline 0/2 complete weeks, immediate 0/2 complete weeks"
tiangolo/fastapi,release,0.27.1,2019-06-03,pypi.downloads,,,,,,,,,,False,INSUFFICIENT,True,0,0,0,"another event falls within this event's analysis window; insufficient data: baseline 0/2 complete weeks, immediate 0/2 complete weeks"
tiangolo/fastapi,release,0.27.2,2019-06-03,pypi.downloads,,,,,,,,,,False,INSUFFICIENT,True,0,0,0,"another event falls within this event's analysis window; insufficient data: baseline 0/2 complete weeks, immediate 0/2 complete weeks"
tiangolo/fastapi,release,0.28.0,2019-06-05,pypi.downloads,,,,,,,,,,False,INSUFFICIENT,True,0,0,0,"another event falls within this event's analysis window; insufficient data: baseline 0/2 complete weeks, immediate 0/2 complete weeks"
tiangolo/fastapi,release,0.29.0,2019-06-06,pypi.downloads,,,,,,,,,,False,INSUFFICIENT,True,0,0,0,"another event falls within this event's analysis window; insufficient data: baseline 0/2 complete weeks, immediate 0/2 complete weeks"
tiangolo/fastapi,release,0.29.1,2019-06-13,pypi.downloads,,,,,,,,,,False,INSUFFICIENT,True,0,0,0,"another event falls within this event's analysis window; insufficient data: baseline 0/2 complete weeks, immediate 0/2 complete weeks"
tiangolo/fastapi,release,0.30.0,2019-06-20,pypi.downloads,,,,,,,,,,False,INSUFFICIENT,True,0,0,0,"another event falls within this event's analysis window; insufficient data: baseline 0/2 complete weeks, immediate 0/2 complete weeks"
tiangolo/fastapi,release,0.30.1,2019-06-28,pypi.downloads,,,,,,,,,,False,INSUFFICIENT,True,0,0,0,"another event falls within this event's analysis window; insufficient data: baseline 0/2 complete weeks, immediate 0/2 complete weeks"
tiangolo/fastapi,release,0.31.0,2019-06-28,pypi.downloads,,,,,,,,,,False,INSUFFICIENT,True,0,0,0,"another event falls within this event's analysis window; insufficient data: baseline 0/2 complete weeks, immediate 0/2 complete weeks"
tiangolo/fastapi,release,0.32.0,2019-07-12,pypi.downloads,,,,,,,,,,False,INSUFFICIENT,True,0,0,0,"another event falls within this event's analysis window; insufficient data: baseline 0/2 complete weeks, immediate 0/2 complete weeks"
tiangolo/fastapi,release,0.33.0,2019-07-13,pypi.downloads,,,,,,,,,,False,INSUFFICIENT,True,0,0,0,"another event falls within this event's analysis window; insufficient data: baseline 0/2 complete weeks, immediate 0/2 complete weeks"
tiangolo/fastapi,release,0.34.0,2019-08-06,pypi.downloads,,,,,,,,,,False,INSUFFICIENT,True,0,0,0,"another event falls within this event's analysis window; insufficient data: baseline 0/2 complete weeks, immediate 0/2 complete weeks"
tiangolo/fastapi,release,0.35.0,2019-08-08,pypi.downloads,,,,,,,,,,False,INSUFFICIENT,True,0,0,0,"another event falls within this event's analysis window; insufficient data: baseline 0/2 complete weeks, immediate 0/2 complete weeks"
tiangolo/fastapi,release,0.36.0,2019-08-26,pypi.downloads,,,,,,,,,,False,INSUFFICIENT,True,0,0,0,"another event falls within this event's analysis window; insufficient data: baseline 0/2 complete weeks, immediate 0/2 complete weeks"
tiangolo/fastapi,release,0.37.0,2019-08-31,pypi.downloads,,,,,,,,,,False,INSUFFICIENT,True,0,0,0,"another event falls within this event's analysis window; insufficient data: baseline 0/2 complete weeks, immediate 0/2 complete weeks"
tiangolo/fastapi,release,0.38.0,2019-08-31,pypi.downloads,,,,,,,,,,False,INSUFFICIENT,True,0,0,0,"another event falls within this event's analysis window; insufficient data: baseline 0/2 complete weeks, immediate 0/2 complete weeks"
tiangolo/fastapi,release,0.38.1,2019-09-01,pypi.downloads,,,,,,,,,,False,INSUFFICIENT,True,0,0,0,"another event falls within this event's analysis window; insufficient data: baseline 0/2 complete weeks, immediate 0/2 complete weeks"
tiangolo/fastapi,release,0.39.0,2019-09-29,pypi.downloads,,,,,,,,,,False,INSUFFICIENT,True,0,0,0,"another event falls within this event's analysis window; insufficient data: baseline 0/2 complete weeks, immediate 0/2 complete weeks"
tiangolo/fastapi,release,0.40.0,2019-10-04,pypi.downloads,,,,,,,,,,False,INSUFFICIENT,True,0,0,0,"another event falls within this event's analysis window; insufficient data: baseline 0/2 complete weeks, immediate 0/2 complete weeks"
tiangolo/fastapi,release,0.41.0,2019-10-07,pypi.downloads,,,,,,,,,,False,INSUFFICIENT,True,0,0,0,"another event falls within this event's analysis window; insufficient data: baseline 0/2 complete weeks, immediate 0/2 complete weeks"
tiangolo/fastapi,release,0.42.0,2019-10-09,pypi.downloads,,,,,,,,,,False,INSUFFICIENT,True,0,0,0,"another event falls within this event's analysis window; insufficient data: baseline 0/2 complete weeks, immediate 0/2 complete weeks"
tiangolo/fastapi,release,0.43.0,2019-11-24,pypi.downloads,,,,,,,,,,False,INSUFFICIENT,True,0,0,0,"another event falls within this event's analysis window; insufficient data: baseline 0/2 complete weeks, immediate 0/2 complete weeks"
tiangolo/fastapi,release,0.44.0,2019-11-27,pypi.downloads,,,,,,,,,,False,INSUFFICIENT,True,0,0,0,"another event falls within this event's analysis window; insufficient data: baseline 0/2 complete weeks, immediate 0/2 complete weeks"
tiangolo/fastapi,release,0.44.1,2019-12-04,pypi.downloads,,,,,,,,,,False,INSUFFICIENT,True,0,0,0,"another event falls within this event's analysis window; insufficient data: baseline 0/2 complete weeks, immediate 0/2 complete weeks"
tiangolo/fastapi,release,0.45.0,2019-12-11,pypi.downloads,,,,,,,,,,False,INSUFFICIENT,True,0,0,0,"another event falls within this event's analysis window; insufficient data: baseline 0/2 complete weeks, immediate 0/2 complete weeks"
tiangolo/fastapi,release,0.46.0,2020-01-08,pypi.downloads,,,,,,,,,,False,INSUFFICIENT,True,0,0,0,"another event falls within this event's analysis window; insufficient data: baseline 0/2 complete weeks, immediate 0/2 complete weeks"
tiangolo/fastapi,release,0.47.0,2020-01-18,pypi.downloads,,,,,,,,,,False,INSUFFICIENT,True,0,0,0,"another event falls within this event's analysis window; insufficient data: baseline 0/2 complete weeks, immediate 0/2 complete weeks"
tiangolo/fastapi,release,0.47.1,2020-01-18,pypi.downloads,,,,,,,,,,False,INSUFFICIENT,True,0,0,0,"another event falls within this event's analysis window; insufficient data: baseline 0/2 complete weeks, immediate 0/2 complete weeks"
tiangolo/fastapi,release,0.48.0,2020-02-04,pypi.downloads,,,,,,,,,,False,INSUFFICIENT,True,0,0,0,"another event falls within this event's analysis window; insufficient data: baseline 0/2 complete weeks, immediate 0/2 complete weeks"
tiangolo/fastapi,release,0.49.0,2020-02-16,pypi.downloads,,,,,,,,,,False,INSUFFICIENT,True,0,0,0,"another event falls within this event's analysis window; insufficient data: baseline 0/2 complete weeks, immediate 0/2 complete weeks"
tiangolo/fastapi,release,0.49.1,2020-02-28,pypi.downloads,,,,,,,,,,False,INSUFFICIENT,True,0,0,0,"another event falls within this event's analysis window; insufficient data: baseline 0/2 complete weeks, immediate 0/2 complete weeks"
tiangolo/fastapi,release,0.49.2,2020-02-29,pypi.downloads,,,,,,,,,,False,INSUFFICIENT,True,0,0,0,"another event falls within this event's analysis window; insufficient data: baseline 0/2 complete weeks, immediate 0/2 complete weeks"
tiangolo/fastapi,release,0.50.0,2020-02-29,pypi.downloads,,,,,,,,,,False,INSUFFICIENT,True,0,0,0,"another event falls within this event's analysis window; insufficient data: baseline 0/2 complete weeks, immediate 0/2 complete weeks"
tiangolo/fastapi,release,0.51.0,2020-03-01,pypi.downloads,,,,,,,,,,False,INSUFFICIENT,True,0,0,0,"another event falls within this event's analysis window; insufficient data: baseline 0/2 complete weeks, immediate 0/2 complete weeks"
tiangolo/fastapi,release,0.52.0,2020-03-01,pypi.downloads,,,,,,,,,,False,INSUFFICIENT,True,0,0,0,"another event falls within this event's analysis window; insufficient data: baseline 0/2 complete weeks, immediate 0/2 complete weeks"
tiangolo/fastapi,release,0.53.0,2020-03-27,pypi.downloads,,,,,,,,,,False,INSUFFICIENT,True,0,0,0,"another event falls within this event's analysis window; insufficient data: baseline 0/2 complete weeks, immediate 0/2 complete weeks"
tiangolo/fastapi,release,0.53.1,2020-03-29,pypi.downloads,,,,,,,,,,False,INSUFFICIENT,True,0,0,0,"another event falls within this event's analysis window; insufficient data: baseline 0/2 complete weeks, immediate 0/2 complete weeks"
tiangolo/fastapi,release,0.53.2,2020-03-30,pypi.downloads,,,,,,,,,,False,INSUFFICIENT,True,0,0,0,"another event falls within this event's analysis window; insufficient data: baseline 0/2 complete weeks, immediate 0/2 complete weeks"
tiangolo/fastapi,release,0.54.0,2020-04-05,pypi.downloads,,,,,,,,,,False,INSUFFICIENT,True,0,0,0,"another event falls within this event's analysis window; insufficient data: baseline 0/2 complete weeks, immediate 0/2 complete weeks"
tiangolo/fastapi,release,0.54.1,2020-04-08,pypi.downloads,,,,,,,,,,False,INSUFFICIENT,True,0,0,0,"another event falls within this event's analysis window; insufficient data: baseline 0/2 complete weeks, immediate 0/2 complete weeks"
tiangolo/fastapi,release,0.54.2,2020-05-16,pypi.downloads,,,,,,,,,,False,INSUFFICIENT,True,0,0,0,"another event falls within this event's analysis window; insufficient data: baseline 0/2 complete weeks, immediate 0/2 complete weeks"
tiangolo/fastapi,release,0.55.0,2020-05-23,pypi.downloads,,,,,,,,,,False,INSUFFICIENT,True,0,0,0,"another event falls within this event's analysis window; insufficient data: baseline 0/2 complete weeks, immediate 0/2 complete weeks"
tiangolo/fastapi,release,0.55.1,2020-05-23,pypi.downloads,,,,,,,,,,False,INSUFFICIENT,True,0,0,0,"another event falls within this event's analysis window; insufficient data: baseline 0/2 complete weeks, immediate 0/2 complete weeks"
tiangolo/fastapi,release,0.56.0,2020-06-11,pypi.downloads,,,,,,,,,,False,INSUFFICIENT,True,0,0,0,"another event falls within this event's analysis window; insufficient data: baseline 0/2 complete weeks, immediate 0/2 complete weeks"
tiangolo/fastapi,release,0.56.1,2020-06-12,pypi.downloads,,,,,,,,,,False,INSUFFICIENT,True,0,0,0,"another event falls within this event's analysis window; insufficient data: baseline 0/2 complete weeks, immediate 0/2 complete weeks"
tiangolo/fastapi,release,0.57.0,2020-06-13,pypi.downloads,,,,,,,,,,False,INSUFFICIENT,True,0,0,0,"another event falls within this event's analysis window; insufficient data: baseline 0/2 complete weeks, immediate 0/2 complete weeks"
tiangolo/fastapi,release,0.58.0,2020-06-15,pypi.downloads,,,,,,,,,,False,INSUFFICIENT,True,0,0,0,"another event falls within this event's analysis window; insufficient data: baseline 0/2 complete weeks, immediate 0/2 complete weeks"
tiangolo/fastapi,release,0.58.1,2020-06-28,pypi.downloads,,,,,,,,,,False,INSUFFICIENT,True,0,0,0,"another event falls within this event's analysis window; insufficient data: baseline 0/2 complete weeks, immediate 0/2 complete weeks"
tiangolo/fastapi,release,0.59.0,2020-07-10,pypi.downloads,,,,,,,,,,False,INSUFFICIENT,True,0,0,0,"another event falls within this event's analysis window; insufficient data: baseline 0/2 complete weeks, immediate 0/2 complete weeks"
tiangolo/fastapi,release,0.60.0,2020-07-20,pypi.downloads,,,,,,,,,,False,INSUFFICIENT,True,0,0,0,"another event falls within this event's analysis window; insufficient data: baseline 0/2 complete weeks, immediate 0/2 complete weeks"
tiangolo/fastapi,release,0.60.1,2020-07-22,pypi.downloads,,,,,,,,,,False,INSUFFICIENT,True,0,0,0,"another event falls within this event's analysis window; insufficient data: baseline 0/2 complete weeks, immediate 0/2 complete weeks"
tiangolo/fastapi,release,0.60.2,2020-08-08,pypi.downloads,,,,,,,,,,False,INSUFFICIENT,True,0,0,0,"another event falls within this event's analysis window; insufficient data: baseline 0/2 complete weeks, immediate 0/2 complete weeks"
tiangolo/fastapi,release,0.61.1,2020-08-29,pypi.downloads,,,,,,,,,,False,INSUFFICIENT,False,0,0,0,"insufficient data: baseline 0/2 complete weeks, immediate 0/2 complete weeks"
tiangolo/fastapi,release,0.61.2,2020-11-05,pypi.downloads,,,,,,,,,,False,INSUFFICIENT,True,0,0,0,"another event falls within this event's analysis window; insufficient data: baseline 0/2 complete weeks, immediate 0/2 complete weeks"
tiangolo/fastapi,release,0.62.0,2020-11-29,pypi.downloads,,,,,,,,,,False,INSUFFICIENT,True,0,0,0,"another event falls within this event's analysis window; insufficient data: baseline 0/2 complete weeks, immediate 0/2 complete weeks"
tiangolo/fastapi,release,0.63.0,2020-12-20,pypi.downloads,,,,,,,,,,False,INSUFFICIENT,False,0,0,0,"insufficient data: baseline 0/2 complete weeks, immediate 0/2 complete weeks"
tiangolo/fastapi,release,0.64.0,2021-05-07,pypi.downloads,,,,,,,,,,False,INSUFFICIENT,True,0,0,0,"another event falls within this event's analysis window; insufficient data: baseline 0/2 complete weeks, immediate 0/2 complete weeks"
tiangolo/fastapi,release,0.65.0,2021-05-10,pypi.downloads,,,,,,,,,,False,INSUFFICIENT,True,0,0,0,"another event falls within this event's analysis window; insufficient data: baseline 0/2 complete weeks, immediate 0/2 complete weeks"
tiangolo/fastapi,release,0.65.1,2021-05-11,pypi.downloads,,,,,,,,,,False,INSUFFICIENT,True,0,0,0,"another event falls within this event's analysis window; insufficient data: baseline 0/2 complete weeks, immediate 0/2 complete weeks"
tiangolo/fastapi,release,0.65.2,2021-06-09,pypi.downloads,,,,,,,,,,False,INSUFFICIENT,True,0,0,0,"another event falls within this event's analysis window; insufficient data: baseline 0/2 complete weeks, immediate 0/2 complete weeks"
tiangolo/fastapi,release,0.65.3,2021-07-03,pypi.downloads,,,,,,,,,,False,INSUFFICIENT,True,0,0,0,"another event falls within this event's analysis window; insufficient data: baseline 0/2 complete weeks, immediate 0/2 complete weeks"
tiangolo/fastapi,release,0.66.0,2021-07-04,pypi.downloads,,,,,,,,,,False,INSUFFICIENT,True,0,0,0,"another event falls within this event's analysis window; insufficient data: baseline 0/2 complete weeks, immediate 0/2 complete weeks"
tiangolo/fastapi,release,0.66.1,2021-07-19,pypi.downloads,,,,,,,,,,False,INSUFFICIENT,True,0,0,0,"another event falls within this event's analysis window; insufficient data: baseline 0/2 complete weeks, immediate 0/2 complete weeks"
tiangolo/fastapi,release,0.67.0,2021-07-21,pypi.downloads,,,,,,,,,,False,INSUFFICIENT,True,0,0,0,"another event falls within this event's analysis window; insufficient data: baseline 0/2 complete weeks, immediate 0/2 complete weeks"
tiangolo/fastapi,release,0.68.0,2021-07-29,pypi.downloads,,,,,,,,,,False,INSUFFICIENT,True,0,0,0,"another event falls within this event's analysis window; insufficient data: baseline 0/2 complete weeks, immediate 0/2 complete weeks"
tiangolo/fastapi,release,0.68.1,2021-08-24,pypi.downloads,,,,,,,,,,False,INSUFFICIENT,True,0,0,0,"another event falls within this event's analysis window; insufficient data: baseline 0/2 complete weeks, immediate 0/2 complete weeks"
tiangolo/fastapi,release,0.68.2,2021-10-05,pypi.downloads,,,,,,,,,,False,INSUFFICIENT,True,0,0,0,"another event falls within this event's analysis window; insufficient data: baseline 0/2 complete weeks, immediate 0/2 complete weeks"
tiangolo/fastapi,release,0.69.0,2021-10-07,pypi.downloads,,,,,,,,,,False,INSUFFICIENT,True,0,0,0,"another event falls within this event's analysis window; insufficient data: baseline 0/2 complete weeks, immediate 0/2 complete weeks"
tiangolo/fastapi,release,0.70.0,2021-10-07,pypi.downloads,,,,,,,,,,False,INSUFFICIENT,True,0,0,0,"another event falls within this event's analysis window; insufficient data: baseline 0/2 complete weeks, immediate 0/2 complete weeks"
tiangolo/fastapi,release,0.70.1,2021-12-12,pypi.downloads,,,,,,,,,,False,INSUFFICIENT,True,0,0,0,"another event falls within this event's analysis window; insufficient data: baseline 0/2 complete weeks, immediate 0/2 complete weeks"
tiangolo/fastapi,release,0.71.0,2022-01-07,pypi.downloads,,,,,,,,,,False,INSUFFICIENT,True,0,0,0,"another event falls within this event's analysis window; insufficient data: baseline 0/2 complete weeks, immediate 0/2 complete weeks"
tiangolo/fastapi,release,0.72.0,2022-01-16,pypi.downloads,,,,,,,,,,False,INSUFFICIENT,True,0,0,0,"another event falls within this event's analysis window; insufficient data: baseline 0/2 complete weeks, immediate 0/2 complete weeks"
tiangolo/fastapi,release,0.73.0,2022-01-23,pypi.downloads,,,,,,,,,,False,INSUFFICIENT,True,0,0,0,"another event falls within this event's analysis window; insufficient data: baseline 0/2 complete weeks, immediate 0/2 complete weeks"
tiangolo/fastapi,release,0.74.0,2022-02-17,pypi.downloads,,,,,,,,,,False,INSUFFICIENT,True,0,0,0,"another event falls within this event's analysis window; insufficient data: baseline 0/2 complete weeks, immediate 0/2 complete weeks"
tiangolo/fastapi,release,0.74.1,2022-02-21,pypi.downloads,,,,,,,,,,False,INSUFFICIENT,True,0,0,0,"another event falls within this event's analysis window; insufficient data: baseline 0/2 complete weeks, immediate 0/2 complete weeks"
tiangolo/fastapi,release,0.75.0,2022-03-04,pypi.downloads,,,,,,,,,,False,INSUFFICIENT,True,0,0,0,"another event falls within this event's analysis window; insufficient data: baseline 0/2 complete weeks, immediate 0/2 complete weeks"
tiangolo/fastapi,release,0.75.1,2022-04-01,pypi.downloads,,,,,,,,,,False,INSUFFICIENT,True,0,0,0,"another event falls within this event's analysis window; insufficient data: baseline 0/2 complete weeks, immediate 0/2 complete weeks"
tiangolo/fastapi,release,0.75.2,2022-04-17,pypi.downloads,,,,,,,,,,False,INSUFFICIENT,True,0,0,0,"another event falls within this event's analysis window; insufficient data: baseline 0/2 complete weeks, immediate 0/2 complete weeks"
tiangolo/fastapi,release,0.76.0,2022-05-05,pypi.downloads,,,,,,,,,,False,INSUFFICIENT,True,0,0,0,"another event falls within this event's analysis window; insufficient data: baseline 0/2 complete weeks, immediate 0/2 complete weeks"
tiangolo/fastapi,release,0.77.0,2022-05-10,pypi.downloads,,,,,,,,,,False,INSUFFICIENT,True,0,0,0,"another event falls within this event's analysis window; insufficient data: baseline 0/2 complete weeks, immediate 0/2 complete weeks"
tiangolo/fastapi,release,0.77.1,2022-05-10,pypi.downloads,,,,,,,,,,False,INSUFFICIENT,True,0,0,0,"another event falls within this event's analysis window; insufficient data: baseline 0/2 complete weeks, immediate 0/2 complete weeks"
tiangolo/fastapi,release,0.78.0,2022-05-14,pypi.downloads,,,,,,,,,,False,INSUFFICIENT,True,0,0,0,"another event falls within this event's analysis window; insufficient data: baseline 0/2 complete weeks, immediate 0/2 complete weeks"
tiangolo/fastapi,release,0.79.0,2022-07-14,pypi.downloads,,,,,,,,,,False,INSUFFICIENT,True,0,0,0,"another event falls within this event's analysis window; insufficient data: baseline 0/2 complete weeks, immediate 0/2 complete weeks"
tiangolo/fastapi,release,0.79.1,2022-08-18,pypi.downloads,,,,,,,,,,False,INSUFFICIENT,True,0,0,0,"another event falls within this event's analysis window; insufficient data: baseline 0/2 complete weeks, immediate 0/2 complete weeks"
tiangolo/fastapi,release,0.80.0,2022-08-23,pypi.downloads,,,,,,,,,,False,INSUFFICIENT,True,0,0,0,"another event falls within this event's analysis window; insufficient data: baseline 0/2 complete weeks, immediate 0/2 complete weeks"
tiangolo/fastapi,release,0.81.0,2022-08-26,pypi.downloads,,,,,,,,,,False,INSUFFICIENT,True,0,0,0,"another event falls within this event's analysis window; insufficient data: baseline 0/2 complete weeks, immediate 0/2 complete weeks"
tiangolo/fastapi,release,0.82.0,2022-09-04,pypi.downloads,,,,,,,,,,False,INSUFFICIENT,True,0,0,0,"another event falls within this event's analysis window; insufficient data: baseline 0/2 complete weeks, immediate 0/2 complete weeks"
tiangolo/fastapi,release,0.83.0,2022-09-11,pypi.downloads,,,,,,,,,,False,INSUFFICIENT,True,0,0,0,"another event falls within this event's analysis window; insufficient data: baseline 0/2 complete weeks, immediate 0/2 complete weeks"
tiangolo/fastapi,release,0.84.0,2022-09-14,pypi.downloads,,,,,,,,,,False,INSUFFICIENT,True,0,0,0,"another event falls within this event's analysis window; insufficient data: baseline 0/2 complete weeks, immediate 0/2 complete weeks"
tiangolo/fastapi,release,0.85.0,2022-09-15,pypi.downloads,,,,,,,,,,False,INSUFFICIENT,True,0,0,0,"another event falls within this event's analysis window; insufficient data: baseline 0/2 complete weeks, immediate 0/2 complete weeks"
tiangolo/fastapi,release,0.85.1,2022-10-14,pypi.downloads,,,,,,,,,,False,INSUFFICIENT,True,0,0,0,"another event falls within this event's analysis window; insufficient data: baseline 0/2 complete weeks, immediate 0/2 complete weeks"
tiangolo/fastapi,release,0.85.2,2022-10-31,pypi.downloads,,,,,,,,,,False,INSUFFICIENT,True,0,0,0,"another event falls within this event's analysis window; insufficient data: baseline 0/2 complete weeks, immediate 0/2 complete weeks"
tiangolo/fastapi,release,0.86.0,2022-11-03,pypi.downloads,,,,,,,,,,False,INSUFFICIENT,True,0,0,0,"another event falls within this event's analysis window; insufficient data: baseline 0/2 complete weeks, immediate 0/2 complete weeks"
tiangolo/fastapi,release,0.87.0,2022-11-13,pypi.downloads,,,,,,,,,,False,INSUFFICIENT,True,0,0,0,"another event falls within this event's analysis window; insufficient data: baseline 0/2 complete weeks, immediate 0/2 complete weeks"
tiangolo/fastapi,release,0.88.0,2022-11-27,pypi.downloads,,,,,,,,,,False,INSUFFICIENT,True,0,0,0,"another event falls within this event's analysis window; insufficient data: baseline 0/2 complete weeks, immediate 0/2 complete weeks"
tiangolo/fastapi,release,0.89.0,2023-01-07,pypi.downloads,,,,,,,,,,False,INSUFFICIENT,True,0,0,0,"another event falls within this event's analysis window; insufficient data: baseline 0/2 complete weeks, immediate 0/2 complete weeks"
tiangolo/fastapi,release,0.89.1,2023-01-10,pypi.downloads,,,,,,,,,,False,INSUFFICIENT,True,0,0,0,"another event falls within this event's analysis window; insufficient data: baseline 0/2 complete weeks, immediate 0/2 complete weeks"
tiangolo/fastapi,release,0.90.0,2023-02-08,pypi.downloads,,,,,,,,,,False,INSUFFICIENT,True,0,0,0,"another event falls within this event's analysis window; insufficient data: baseline 0/2 complete weeks, immediate 0/2 complete weeks"
tiangolo/fastapi,release,0.90.1,2023-02-09,pypi.downloads,,,,,,,,,,False,INSUFFICIENT,True,0,0,0,"another event falls within this event's analysis window; insufficient data: baseline 0/2 complete weeks, immediate 0/2 complete weeks"
tiangolo/fastapi,release,0.91.0,2023-02-10,pypi.downloads,,,,,,,,,,False,INSUFFICIENT,True,0,0,0,"another event falls within this event's analysis window; insufficient data: baseline 0/2 complete weeks, immediate 0/2 complete weeks"
tiangolo/fastapi,release,0.92.0,2023-02-14,pypi.downloads,,,,,,,,,,False,INSUFFICIENT,True,0,0,0,"another event falls within this event's analysis window; insufficient data: baseline 0/2 complete weeks, immediate 0/2 complete weeks"
tiangolo/fastapi,release,0.93.0,2023-03-07,pypi.downloads,,,,,,,,,,False,INSUFFICIENT,True,0,0,0,"another event falls within this event's analysis window; insufficient data: baseline 0/2 complete weeks, immediate 0/2 complete weeks"
tiangolo/fastapi,release,0.94.0,2023-03-10,pypi.downloads,,,,,,,,,,False,INSUFFICIENT,True,0,0,0,"another event falls within this event's analysis window; insufficient data: baseline 0/2 complete weeks, immediate 0/2 complete weeks"
tiangolo/fastapi,release,0.94.1,2023-03-14,pypi.downloads,,,,,,,,,,False,INSUFFICIENT,True,0,0,0,"another event falls within this event's analysis window; insufficient data: baseline 0/2 complete weeks, immediate 0/2 complete weeks"
tiangolo/fastapi,release,0.95.0,2023-03-18,pypi.downloads,,,,,,,,,,False,INSUFFICIENT,True,0,0,0,"another event falls within this event's analysis window; insufficient data: baseline 0/2 complete weeks, immediate 0/2 complete weeks"
tiangolo/fastapi,release,0.95.1,2023-04-13,pypi.downloads,,,,,,,,,,False,INSUFFICIENT,True,0,0,0,"another event falls within this event's analysis window; insufficient data: baseline 0/2 complete weeks, immediate 0/2 complete weeks"
tiangolo/fastapi,release,0.95.2,2023-05-16,pypi.downloads,,,,,,,,,,False,INSUFFICIENT,True,0,0,0,"another event falls within this event's analysis window; insufficient data: baseline 0/2 complete weeks, immediate 0/2 complete weeks"
tiangolo/fastapi,release,0.96.0,2023-06-03,pypi.downloads,,,,,,,,,,False,INSUFFICIENT,True,0,0,0,"another event falls within this event's analysis window; insufficient data: baseline 0/2 complete weeks, immediate 0/2 complete weeks"
tiangolo/fastapi,release,0.96.1,2023-06-10,pypi.downloads,,,,,,,,,,False,INSUFFICIENT,True,0,0,0,"another event falls within this event's analysis window; insufficient data: baseline 0/2 complete weeks, immediate 0/2 complete weeks"
tiangolo/fastapi,release,0.97.0,2023-06-11,pypi.downloads,,,,,,,,,,False,INSUFFICIENT,True,0,0,0,"another event falls within this event's analysis window; insufficient data: baseline 0/2 complete weeks, immediate 0/2 complete weeks"
tiangolo/fastapi,release,0.100.0-beta1,2023-06-20,pypi.downloads,,,,,,,,,,False,INSUFFICIENT,True,0,0,0,"another event falls within this event's analysis window; insufficient data: baseline 0/2 complete weeks, immediate 0/2 complete weeks"
tiangolo/fastapi,release,0.98.0,2023-06-22,pypi.downloads,,,,,,,,,,False,INSUFFICIENT,True,0,0,0,"another event falls within this event's analysis window; insufficient data: baseline 0/2 complete weeks, immediate 0/2 complete weeks"
tiangolo/fastapi,release,0.100.0-beta2,2023-06-30,pypi.downloads,,,,,,,,,,False,INSUFFICIENT,True,0,0,0,"another event falls within this event's analysis window; insufficient data: baseline 0/2 complete weeks, immediate 0/2 complete weeks"
tiangolo/fastapi,release,0.99.0,2023-06-30,pypi.downloads,,,,,,,,,,False,INSUFFICIENT,True,0,0,0,"another event falls within this event's analysis window; insufficient data: baseline 0/2 complete weeks, immediate 0/2 complete weeks"
tiangolo/fastapi,release,0.99.1,2023-07-02,pypi.downloads,,,,,,,,,,False,INSUFFICIENT,True,0,0,0,"another event falls within this event's analysis window; insufficient data: baseline 0/2 complete weeks, immediate 0/2 complete weeks"
tiangolo/fastapi,release,0.100.0-beta3,2023-07-05,pypi.downloads,,,,,,,,,,False,INSUFFICIENT,True,0,0,0,"another event falls within this event's analysis window; insufficient data: baseline 0/2 complete weeks, immediate 0/2 complete weeks"
tiangolo/fastapi,release,0.100.0,2023-07-07,pypi.downloads,,,,,,,,,,False,INSUFFICIENT,True,0,0,0,"another event falls within this event's analysis window; insufficient data: baseline 0/2 complete weeks, immediate 0/2 complete weeks"
tiangolo/fastapi,release,0.100.1,2023-07-27,pypi.downloads,,,,,,,,,,False,INSUFFICIENT,True,0,0,0,"another event falls within this event's analysis window; insufficient data: baseline 0/2 complete weeks, immediate 0/2 complete weeks"
tiangolo/fastapi,release,0.101.0,2023-08-04,pypi.downloads,,,,,,,,,,False,INSUFFICIENT,True,0,0,0,"another event falls within this event's analysis window; insufficient data: baseline 0/2 complete weeks, immediate 0/2 complete weeks"
tiangolo/fastapi,release,0.101.1,2023-08-14,pypi.downloads,,,,,,,,,,False,INSUFFICIENT,True,0,0,0,"another event falls within this event's analysis window; insufficient data: baseline 0/2 complete weeks, immediate 0/2 complete weeks"
tiangolo/fastapi,release,0.102.0,2023-08-25,pypi.downloads,,,,,,,,,,False,INSUFFICIENT,True,0,0,0,"another event falls within this event's analysis window; insufficient data: baseline 0/2 complete weeks, immediate 0/2 complete weeks"
tiangolo/fastapi,release,0.103.0,2023-08-26,pypi.downloads,,,,,,,,,,False,INSUFFICIENT,True,0,0,0,"another event falls within this event's analysis window; insufficient data: baseline 0/2 complete weeks, immediate 0/2 complete weeks"
tiangolo/fastapi,release,0.103.1,2023-09-02,pypi.downloads,,,,,,,,,,False,INSUFFICIENT,True,0,0,0,"another event falls within this event's analysis window; insufficient data: baseline 0/2 complete weeks, immediate 0/2 complete weeks"
tiangolo/fastapi,release,0.103.2,2023-09-28,pypi.downloads,,,,,,,,,,False,INSUFFICIENT,True,0,0,0,"another event falls within this event's analysis window; insufficient data: baseline 0/2 complete weeks, immediate 0/2 complete weeks"
tiangolo/fastapi,release,0.104.0,2023-10-18,pypi.downloads,,,,,,,,,,False,INSUFFICIENT,True,0,0,0,"another event falls within this event's analysis window; insufficient data: baseline 0/2 complete weeks, immediate 0/2 complete weeks"
tiangolo/fastapi,release,0.104.1,2023-10-30,pypi.downloads,,,,,,,,,,False,INSUFFICIENT,True,0,0,0,"another event falls within this event's analysis window; insufficient data: baseline 0/2 complete weeks, immediate 0/2 complete weeks"
tiangolo/fastapi,release,0.105.0,2023-12-12,pypi.downloads,,,,,,,,,,False,INSUFFICIENT,True,0,0,0,"another event falls within this event's analysis window; insufficient data: baseline 0/2 complete weeks, immediate 0/2 complete weeks"
tiangolo/fastapi,release,0.106.0,2023-12-25,pypi.downloads,,,,,,,,,,False,INSUFFICIENT,True,0,0,0,"another event falls within this event's analysis window; insufficient data: baseline 0/2 complete weeks, immediate 0/2 complete weeks"
tiangolo/fastapi,release,0.107.0,2023-12-26,pypi.downloads,,,,,,,,,,False,INSUFFICIENT,True,0,0,0,"another event falls within this event's analysis window; insufficient data: baseline 0/2 complete weeks, immediate 0/2 complete weeks"
tiangolo/fastapi,release,0.108.0,2023-12-26,pypi.downloads,,,,,,,,,,False,INSUFFICIENT,True,0,0,0,"another event falls within this event's analysis window; insufficient data: baseline 0/2 complete weeks, immediate 0/2 complete weeks"
tiangolo/fastapi,release,0.109.0,2024-01-11,pypi.downloads,,,,,,,,,,False,INSUFFICIENT,True,0,0,0,"another event falls within this event's analysis window; insufficient data: baseline 0/2 complete weeks, immediate 0/2 complete weeks"
tiangolo/fastapi,release,0.109.1,2024-02-03,pypi.downloads,,,,,,,,,,False,INSUFFICIENT,True,0,0,0,"another event falls within this event's analysis window; insufficient data: baseline 0/2 complete weeks, immediate 0/2 complete weeks"
tiangolo/fastapi,release,0.109.2,2024-02-04,pypi.downloads,,,,,,,,,,False,INSUFFICIENT,True,0,0,0,"another event falls within this event's analysis window; insufficient data: baseline 0/2 complete weeks, immediate 0/2 complete weeks"
tiangolo/fastapi,release,0.110.0,2024-02-24,pypi.downloads,,,,,,,,,,False,INSUFFICIENT,True,0,0,0,"another event falls within this event's analysis window; insufficient data: baseline 0/2 complete weeks, immediate 0/2 complete weeks"
tiangolo/fastapi,release,0.110.1,2024-04-02,pypi.downloads,,,,,,,,,,False,INSUFFICIENT,True,0,0,0,"another event falls within this event's analysis window; insufficient data: baseline 0/2 complete weeks, immediate 0/2 complete weeks"
tiangolo/fastapi,release,0.110.2,2024-04-19,pypi.downloads,,,,,,,,,,False,INSUFFICIENT,True,0,0,0,"another event falls within this event's analysis window; insufficient data: baseline 0/2 complete weeks, immediate 0/2 complete weeks"
tiangolo/fastapi,release,0.110.3,2024-04-30,pypi.downloads,,,,,,,,,,False,INSUFFICIENT,True,0,0,0,"another event falls within this event's analysis window; insufficient data: baseline 0/2 complete weeks, immediate 0/2 complete weeks"
tiangolo/fastapi,release,0.111.0,2024-05-03,pypi.downloads,,,,,,,,,,False,INSUFFICIENT,True,0,0,0,"another event falls within this event's analysis window; insufficient data: baseline 0/2 complete weeks, immediate 0/2 complete weeks"
tiangolo/fastapi,release,0.111.1,2024-07-14,pypi.downloads,,,,,,,,,,False,INSUFFICIENT,True,0,0,0,"another event falls within this event's analysis window; insufficient data: baseline 0/2 complete weeks, immediate 0/2 complete weeks"
tiangolo/fastapi,release,0.112.0,2024-08-02,pypi.downloads,,,,,,,,,,False,INSUFFICIENT,True,0,0,0,"another event falls within this event's analysis window; insufficient data: baseline 0/2 complete weeks, immediate 0/2 complete weeks"
tiangolo/fastapi,release,0.112.1,2024-08-15,pypi.downloads,,,,,,,,,,False,INSUFFICIENT,True,0,0,0,"another event falls within this event's analysis window; insufficient data: baseline 0/2 complete weeks, immediate 0/2 complete weeks"
tiangolo/fastapi,release,0.112.2,2024-08-24,pypi.downloads,,,,,,,,,,False,INSUFFICIENT,True,0,0,0,"another event falls within this event's analysis window; insufficient data: baseline 0/2 complete weeks, immediate 0/2 complete weeks"
tiangolo/fastapi,release,0.112.3,2024-09-05,pypi.downloads,,,,,,,,,,False,INSUFFICIENT,True,0,0,0,"another event falls within this event's analysis window; insufficient data: baseline 0/2 complete weeks, immediate 0/2 complete weeks"
tiangolo/fastapi,release,0.112.4,2024-09-05,pypi.downloads,,,,,,,,,,False,INSUFFICIENT,True,0,0,0,"another event falls within this event's analysis window; insufficient data: baseline 0/2 complete weeks, immediate 0/2 complete weeks"
tiangolo/fastapi,release,0.113.0,2024-09-05,pypi.downloads,,,,,,,,,,False,INSUFFICIENT,True,0,0,0,"another event falls within this event's analysis window; insufficient data: baseline 0/2 complete weeks, immediate 0/2 complete weeks"
tiangolo/fastapi,release,0.114.0,2024-09-06,pypi.downloads,,,,,,,,,,False,INSUFFICIENT,True,0,0,0,"another event falls within this event's analysis window; insufficient data: baseline 0/2 complete weeks, immediate 0/2 complete weeks"
tiangolo/fastapi,release,0.114.1,2024-09-11,pypi.downloads,,,,,,,,,,False,INSUFFICIENT,True,0,0,0,"another event falls within this event's analysis window; insufficient data: baseline 0/2 complete weeks, immediate 0/2 complete weeks"
tiangolo/fastapi,release,0.114.2,2024-09-13,pypi.downloads,,,,,,,,,,False,INSUFFICIENT,True,0,0,0,"another event falls within this event's analysis window; insufficient data: baseline 0/2 complete weeks, immediate 0/2 complete weeks"
tiangolo/fastapi,release,0.115.0,2024-09-17,pypi.downloads,,,,,,,,,,False,INSUFFICIENT,True,0,0,0,"another event falls within this event's analysis window; insufficient data: baseline 0/2 complete weeks, immediate 0/2 complete weeks"
tiangolo/fastapi,release,0.115.1,2024-10-12,pypi.downloads,,,,,,,,,,False,INSUFFICIENT,True,0,0,0,"another event falls within this event's analysis window; insufficient data: baseline 0/2 complete weeks, immediate 0/2 complete weeks"
tiangolo/fastapi,release,0.115.2,2024-10-12,pypi.downloads,,,,,,,,,,False,INSUFFICIENT,True,0,0,0,"another event falls within this event's analysis window; insufficient data: baseline 0/2 complete weeks, immediate 0/2 complete weeks"
tiangolo/fastapi,release,0.115.3,2024-10-22,pypi.downloads,,,,,,,,,,False,INSUFFICIENT,True,0,0,0,"another event falls within this event's analysis window; insufficient data: baseline 0/2 complete weeks, immediate 0/2 complete weeks"
tiangolo/fastapi,release,0.115.4,2024-10-27,pypi.downloads,,,,,,,,,,False,INSUFFICIENT,True,0,0,0,"another event falls within this event's analysis window; insufficient data: baseline 0/2 complete weeks, immediate 0/2 complete weeks"
tiangolo/fastapi,release,0.115.5,2024-11-12,pypi.downloads,,,,,,,,,,False,INSUFFICIENT,True,0,0,0,"another event falls within this event's analysis window; insufficient data: baseline 0/2 complete weeks, immediate 0/2 complete weeks"
tiangolo/fastapi,release,0.115.6,2024-12-03,pypi.downloads,,,,,,,,,,False,INSUFFICIENT,False,0,0,0,"insufficient data: baseline 0/2 complete weeks, immediate 0/2 complete weeks"
tiangolo/fastapi,release,0.115.7,2025-01-22,pypi.downloads,,,,,,,,,,False,INSUFFICIENT,True,0,0,0,"another event falls within this event's analysis window; insufficient data: baseline 0/2 complete weeks, immediate 0/2 complete weeks"
tiangolo/fastapi,release,0.115.8,2025-01-30,pypi.downloads,,,,,,,,,,False,INSUFFICIENT,True,0,0,0,"another event falls within this event's analysis window; insufficient data: baseline 0/2 complete weeks, immediate 0/2 complete weeks"
tiangolo/fastapi,release,0.115.9,2025-02-27,pypi.downloads,,,,,,,,,,False,INSUFFICIENT,True,0,0,0,"another event falls within this event's analysis window; insufficient data: baseline 0/2 complete weeks, immediate 0/2 complete weeks"
tiangolo/fastapi,release,0.115.10,2025-02-28,pypi.downloads,,,,,,,,,,False,INSUFFICIENT,True,0,0,0,"another event falls within this event's analysis window; insufficient data: baseline 0/2 complete weeks, immediate 0/2 complete weeks"
tiangolo/fastapi,release,0.115.11,2025-03-01,pypi.downloads,,,,,,,,,,False,INSUFFICIENT,True,0,0,0,"another event falls within this event's analysis window; insufficient data: baseline 0/2 complete weeks, immediate 0/2 complete weeks"
tiangolo/fastapi,release,0.115.12,2025-03-23,pypi.downloads,,,,,,,,,,False,INSUFFICIENT,False,0,0,0,"insufficient data: baseline 0/2 complete weeks, immediate 0/2 complete weeks"
tiangolo/fastapi,release,0.115.13,2025-06-17,pypi.downloads,,,,,,,,,,False,INSUFFICIENT,True,0,0,0,"another event falls within this event's analysis window; insufficient data: baseline 0/2 complete weeks, immediate 0/2 complete weeks"
tiangolo/fastapi,release,0.115.14,2025-06-26,pypi.downloads,,,,,,,,,,False,INSUFFICIENT,True,0,0,0,"another event falls within this event's analysis window; insufficient data: baseline 0/2 complete weeks, immediate 0/2 complete weeks"
tiangolo/fastapi,release,0.116.0,2025-07-07,pypi.downloads,,,,,,,,,,False,INSUFFICIENT,True,0,0,0,"another event falls within this event's analysis window; insufficient data: baseline 0/2 complete weeks, immediate 0/2 complete weeks"
tiangolo/fastapi,release,0.116.1,2025-07-11,pypi.downloads,,,,,,,,,,False,INSUFFICIENT,True,0,0,0,"another event falls within this event's analysis window; insufficient data: baseline 0/2 complete weeks, immediate 0/2 complete weeks"
tiangolo/fastapi,release,0.116.2,2025-09-16,pypi.downloads,,,,,,,,,,False,INSUFFICIENT,True,0,0,0,"another event falls within this event's analysis window; insufficient data: baseline 0/2 complete weeks, immediate 0/2 complete weeks"
tiangolo/fastapi,release,0.117.0,2025-09-20,pypi.downloads,,,,,,,,,,False,INSUFFICIENT,True,0,0,0,"another event falls within this event's analysis window; insufficient data: baseline 0/2 complete weeks, immediate 0/2 complete weeks"
tiangolo/fastapi,release,0.117.1,2025-09-20,pypi.downloads,,,,,,,,,,False,INSUFFICIENT,True,0,0,0,"another event falls within this event's analysis window; insufficient data: baseline 0/2 complete weeks, immediate 0/2 complete weeks"
tiangolo/fastapi,release,0.118.0,2025-09-29,pypi.downloads,,,,,,,,,,False,INSUFFICIENT,True,0,0,0,"another event falls within this event's analysis window; insufficient data: baseline 0/2 complete weeks, immediate 0/2 complete weeks"
tiangolo/fastapi,release,0.118.1,2025-10-08,pypi.downloads,,,,,,,,,,False,INSUFFICIENT,True,0,0,0,"another event falls within this event's analysis window; insufficient data: baseline 0/2 complete weeks, immediate 0/2 complete weeks"
tiangolo/fastapi,release,0.118.2,2025-10-08,pypi.downloads,,,,,,,,,,False,INSUFFICIENT,True,0,0,0,"another event falls within this event's analysis window; insufficient data: baseline 0/2 complete weeks, immediate 0/2 complete weeks"
tiangolo/fastapi,release,0.118.3,2025-10-10,pypi.downloads,,,,,,,,,,False,INSUFFICIENT,True,0,0,0,"another event falls within this event's analysis window; insufficient data: baseline 0/2 complete weeks, immediate 0/2 complete weeks"
tiangolo/fastapi,release,0.119.0,2025-10-11,pypi.downloads,,,,,,,,,,False,INSUFFICIENT,True,0,0,0,"another event falls within this event's analysis window; insufficient data: baseline 0/2 complete weeks, immediate 0/2 complete weeks"
tiangolo/fastapi,release,0.119.1,2025-10-20,pypi.downloads,,,,,,,,,,False,INSUFFICIENT,True,0,0,0,"another event falls within this event's analysis window; insufficient data: baseline 0/2 complete weeks, immediate 0/2 complete weeks"
tiangolo/fastapi,release,0.120.0,2025-10-23,pypi.downloads,,,,,,,,,,False,INSUFFICIENT,True,0,0,0,"another event falls within this event's analysis window; insufficient data: baseline 0/2 complete weeks, immediate 0/2 complete weeks"
tiangolo/fastapi,release,0.120.1,2025-10-27,pypi.downloads,,,,,,,,,,False,INSUFFICIENT,True,0,0,0,"another event falls within this event's analysis window; insufficient data: baseline 0/2 complete weeks, immediate 0/2 complete weeks"
tiangolo/fastapi,release,0.120.2,2025-10-29,pypi.downloads,,,,,,,,,,False,INSUFFICIENT,True,0,0,0,"another event falls within this event's analysis window; insufficient data: baseline 0/2 complete weeks, immediate 0/2 complete weeks"
tiangolo/fastapi,release,0.120.3,2025-10-30,pypi.downloads,,,,,,,,,,False,INSUFFICIENT,True,0,0,0,"another event falls within this event's analysis window; insufficient data: baseline 0/2 complete weeks, immediate 0/2 complete weeks"
tiangolo/fastapi,release,0.120.4,2025-10-31,pypi.downloads,,,,,,,,,,False,INSUFFICIENT,True,0,0,0,"another event falls within this event's analysis window; insufficient data: baseline 0/2 complete weeks, immediate 0/2 complete weeks"
tiangolo/fastapi,release,0.121.0,2025-11-03,pypi.downloads,,,,,,,,,,False,INSUFFICIENT,True,0,0,0,"another event falls within this event's analysis window; insufficient data: baseline 0/2 complete weeks, immediate 0/2 complete weeks"
tiangolo/fastapi,release,0.121.1,2025-11-08,pypi.downloads,,,,,,,,,,False,INSUFFICIENT,True,0,0,0,"another event falls within this event's analysis window; insufficient data: baseline 0/2 complete weeks, immediate 0/2 complete weeks"
tiangolo/fastapi,release,0.121.2,2025-11-13,pypi.downloads,,,,,,,,,,False,INSUFFICIENT,True,0,0,0,"another event falls within this event's analysis window; insufficient data: baseline 0/2 complete weeks, immediate 0/2 complete weeks"
tiangolo/fastapi,release,0.121.3,2025-11-19,pypi.downloads,,,,,,,,,,False,INSUFFICIENT,True,0,0,0,"another event falls within this event's analysis window; insufficient data: baseline 0/2 complete weeks, immediate 0/2 complete weeks"
tiangolo/fastapi,release,0.122.0,2025-11-24,pypi.downloads,,,,,,,,,,False,INSUFFICIENT,True,0,0,0,"another event falls within this event's analysis window; insufficient data: baseline 0/2 complete weeks, immediate 0/2 complete weeks"
tiangolo/fastapi,release,0.122.1,2025-11-30,pypi.downloads,,,,,,,,,,False,INSUFFICIENT,True,0,0,0,"another event falls within this event's analysis window; insufficient data: baseline 0/2 complete weeks, immediate 0/2 complete weeks"
tiangolo/fastapi,release,0.123.0,2025-11-30,pypi.downloads,,,,,,,,,,False,INSUFFICIENT,True,0,0,0,"another event falls within this event's analysis window; insufficient data: baseline 0/2 complete weeks, immediate 0/2 complete weeks"
tiangolo/fastapi,release,0.123.1,2025-12-02,pypi.downloads,,,,,,,,,,False,INSUFFICIENT,True,0,0,0,"another event falls within this event's analysis window; insufficient data: baseline 0/2 complete weeks, immediate 0/2 complete weeks"
tiangolo/fastapi,release,0.123.2,2025-12-02,pypi.downloads,,,,,,,,,,False,INSUFFICIENT,True,0,0,0,"another event falls within this event's analysis window; insufficient data: baseline 0/2 complete weeks, immediate 0/2 complete weeks"
tiangolo/fastapi,release,0.123.3,2025-12-02,pypi.downloads,,,,,,,,,,False,INSUFFICIENT,True,0,0,0,"another event falls within this event's analysis window; insufficient data: baseline 0/2 complete weeks, immediate 0/2 complete weeks"
tiangolo/fastapi,release,0.123.4,2025-12-02,pypi.downloads,,,,,,,,,,False,INSUFFICIENT,True,0,0,0,"another event falls within this event's analysis window; insufficient data: baseline 0/2 complete weeks, immediate 0/2 complete weeks"
tiangolo/fastapi,release,0.123.5,2025-12-02,pypi.downloads,,,,,,,,,,False,INSUFFICIENT,True,0,0,0,"another event falls within this event's analysis window; insufficient data: baseline 0/2 complete weeks, immediate 0/2 complete weeks"
tiangolo/fastapi,release,0.123.6,2025-12-04,pypi.downloads,,,,,,,,,,False,INSUFFICIENT,True,0,0,0,"another event falls within this event's analysis window; insufficient data: baseline 0/2 complete weeks, immediate 0/2 complete weeks"
tiangolo/fastapi,release,0.123.7,2025-12-04,pypi.downloads,,,,,,,,,,False,INSUFFICIENT,True,0,0,0,"another event falls within this event's analysis window; insufficient data: baseline 0/2 complete weeks, immediate 0/2 complete weeks"
tiangolo/fastapi,release,0.123.8,2025-12-04,pypi.downloads,,,,,,,,,,False,INSUFFICIENT,True,0,0,0,"another event falls within this event's analysis window; insufficient data: baseline 0/2 complete weeks, immediate 0/2 complete weeks"
tiangolo/fastapi,release,0.123.9,2025-12-04,pypi.downloads,,,,,,,,,,False,INSUFFICIENT,True,0,0,0,"another event falls within this event's analysis window; insufficient data: baseline 0/2 complete weeks, immediate 0/2 complete weeks"
tiangolo/fastapi,release,0.123.10,2025-12-05,pypi.downloads,,,,,,,,,,False,INSUFFICIENT,True,0,0,0,"another event falls within this event's analysis window; insufficient data: baseline 0/2 complete weeks, immediate 0/2 complete weeks"
tiangolo/fastapi,release,0.124.0,2025-12-06,pypi.downloads,,,,,,,,,,False,INSUFFICIENT,True,0,0,0,"another event falls within this event's analysis window; insufficient data: baseline 0/2 complete weeks, immediate 0/2 complete weeks"
tiangolo/fastapi,release,0.124.1,2025-12-10,pypi.downloads,,,,,,,,,,False,INSUFFICIENT,True,0,0,0,"another event falls within this event's analysis window; insufficient data: baseline 0/2 complete weeks, immediate 0/2 complete weeks"
tiangolo/fastapi,release,0.124.2,2025-12-10,pypi.downloads,,,,,,,,,,False,INSUFFICIENT,True,0,0,0,"another event falls within this event's analysis window; insufficient data: baseline 0/2 complete weeks, immediate 0/2 complete weeks"
tiangolo/fastapi,release,0.124.3,2025-12-12,pypi.downloads,,,,,,,,,,False,INSUFFICIENT,True,0,0,0,"another event falls within this event's analysis window; insufficient data: baseline 0/2 complete weeks, immediate 0/2 complete weeks"
tiangolo/fastapi,release,0.124.4,2025-12-12,pypi.downloads,,,,,,,,,,False,INSUFFICIENT,True,0,0,0,"another event falls within this event's analysis window; insufficient data: baseline 0/2 complete weeks, immediate 0/2 complete weeks"
tiangolo/fastapi,release,0.125.0,2025-12-17,pypi.downloads,,,,,,,,,,False,INSUFFICIENT,True,0,0,0,"another event falls within this event's analysis window; insufficient data: baseline 0/2 complete weeks, immediate 0/2 complete weeks"
tiangolo/fastapi,release,0.126.0,2025-12-20,pypi.downloads,,,,,,,,,,False,INSUFFICIENT,True,0,0,0,"another event falls within this event's analysis window; insufficient data: baseline 0/2 complete weeks, immediate 0/2 complete weeks"
tiangolo/fastapi,release,0.127.0,2025-12-21,pypi.downloads,,,,,,,,,,False,INSUFFICIENT,True,0,0,0,"another event falls within this event's analysis window; insufficient data: baseline 0/2 complete weeks, immediate 0/2 complete weeks"
tiangolo/fastapi,release,0.127.1,2025-12-26,pypi.downloads,,,,,,,,,,False,INSUFFICIENT,True,0,0,0,"another event falls within this event's analysis window; insufficient data: baseline 0/2 complete weeks, immediate 0/2 complete weeks"
tiangolo/fastapi,release,0.128.0,2025-12-27,pypi.downloads,,,,,,,,,,False,INSUFFICIENT,True,0,0,0,"another event falls within this event's analysis window; insufficient data: baseline 0/2 complete weeks, immediate 0/2 complete weeks"
tiangolo/fastapi,release,0.128.1,2026-02-04,pypi.downloads,,,11438561.642857144,,,,,,,False,INSUFFICIENT,True,0,0,14,"another event falls within this event's analysis window; insufficient data: baseline 0/2 complete weeks, immediate 0/2 complete weeks"
tiangolo/fastapi,release,0.128.2,2026-02-05,pypi.downloads,,,11597535.642857144,,,,,,,False,INSUFFICIENT,True,0,0,14,"another event falls within this event's analysis window; insufficient data: baseline 0/2 complete weeks, immediate 0/2 complete weeks"
tiangolo/fastapi,release,0.128.3,2026-02-06,pypi.downloads,,,11626078.07142857,,,,,,,False,INSUFFICIENT,True,0,0,14,"another event falls within this event's analysis window; insufficient data: baseline 0/2 complete weeks, immediate 0/2 complete weeks"
tiangolo/fastapi,release,0.128.4,2026-02-07,pypi.downloads,,,11599633.857142856,,,,,,,False,INSUFFICIENT,True,0,0,14,"another event falls within this event's analysis window; insufficient data: baseline 0/2 complete weeks, immediate 0/2 complete weeks"
tiangolo/fastapi,release,0.128.5,2026-02-08,pypi.downloads,,,11447038.61904762,,,,,,,False,INSUFFICIENT,True,0,0,21,"another event falls within this event's analysis window; insufficient data: baseline 0/2 complete weeks, immediate 0/2 complete weeks"
tiangolo/fastapi,release,0.128.6,2026-02-09,pypi.downloads,,,11595796.0,,,,,,,False,INSUFFICIENT,True,0,0,21,"another event falls within this event's analysis window; insufficient data: baseline 0/2 complete weeks, immediate 0/2 complete weeks"
tiangolo/fastapi,release,0.128.7,2026-02-10,pypi.downloads,,,11668102.142857144,,,,,,,False,INSUFFICIENT,True,0,0,21,"another event falls within this event's analysis window; insufficient data: baseline 0/2 complete weeks, immediate 0/2 complete weeks"
tiangolo/fastapi,release,0.128.8,2026-02-11,pypi.downloads,,,11735386.42857143,,,,,,,False,INSUFFICIENT,True,0,0,21,"another event falls within this event's analysis window; insufficient data: baseline 0/2 complete weeks, immediate 0/2 complete weeks"
tiangolo/fastapi,release,0.129.0,2026-02-12,pypi.downloads,,,12051205.285714285,,,,,,,False,INSUFFICIENT,True,0,0,21,"another event falls within this event's analysis window; insufficient data: baseline 0/2 complete weeks, immediate 0/2 complete weeks"
tiangolo/fastapi,release,0.129.1,2026-02-21,pypi.downloads,,,12000647.785714285,,,,,,,False,INSUFFICIENT,True,0,0,28,"another event falls within this event's analysis window; insufficient data: baseline 0/2 complete weeks, immediate 0/2 complete weeks"
tiangolo/fastapi,release,0.129.2,2026-02-21,pypi.downloads,,,12000647.785714285,,,,,,,False,INSUFFICIENT,True,0,0,28,"another event falls within this event's analysis window; insufficient data: baseline 0/2 complete weeks, immediate 0/2 complete weeks"
tiangolo/fastapi,release,0.130.0,2026-02-22,pypi.downloads,,,12028221.92857143,,,,,,,False,INSUFFICIENT,True,0,0,28,"another event falls within this event's analysis window; insufficient data: baseline 0/2 complete weeks, immediate 0/2 complete weeks"
tiangolo/fastapi,release,0.131.0,2026-02-22,pypi.downloads,,,12028221.92857143,,,,,,,False,INSUFFICIENT,True,0,0,28,"another event falls within this event's analysis window; insufficient data: baseline 0/2 complete weeks, immediate 0/2 complete weeks"
tiangolo/fastapi,release,0.132.0,2026-02-23,pypi.downloads,,10979011.0,12011282.892857144,,,,,,,False,INSUFFICIENT,True,0,7,28,"another event falls within this event's analysis window; insufficient data: baseline 0/2 complete weeks, immediate 1/2 complete weeks"
tiangolo/fastapi,release,0.132.1,2026-02-24,pypi.downloads,,11074606.285714285,12051694.607142856,,,,,,,False,INSUFFICIENT,True,0,7,28,"another event falls within this event's analysis window; insufficient data: baseline 0/2 complete weeks, immediate 1/2 complete weeks"
tiangolo/fastapi,release,0.133.0,2026-02-24,pypi.downloads,,11074606.285714285,12051694.607142856,,,,,,,False,INSUFFICIENT,True,0,7,28,"another event falls within this event's analysis window; insufficient data: baseline 0/2 complete weeks, immediate 1/2 complete weeks"
tiangolo/fastapi,release,0.133.1,2026-02-25,pypi.downloads,,11198984.857142856,12186354.92857143,,,,,,,False,INSUFFICIENT,True,0,7,28,"another event falls within this event's analysis window; insufficient data: baseline 0/2 complete weeks, immediate 1/2 complete weeks"
tiangolo/fastapi,release,0.134.0,2026-02-27,pypi.downloads,,11168368.57142857,12404774.714285715,,,,,,,False,INSUFFICIENT,True,0,7,28,"another event falls within this event's analysis window; insufficient data: baseline 0/2 complete weeks, immediate 1/2 complete weeks"
tiangolo/fastapi,release,0.135.0,2026-03-01,pypi.downloads,,11051487.714285715,12626977.107142856,,,,,,,False,INSUFFICIENT,True,0,7,28,"another event falls within this event's analysis window; insufficient data: baseline 0/2 complete weeks, immediate 1/2 complete weeks"
tiangolo/fastapi,release,0.135.1,2026-03-01,pypi.downloads,,11051487.714285715,12626977.107142856,,,,,,,False,INSUFFICIENT,True,0,7,28,"another event falls within this event's analysis window; insufficient data: baseline 0/2 complete weeks, immediate 1/2 complete weeks"
tiangolo/fastapi,release,0.135.2,2026-03-23,pypi.downloads,11681052.42857143,12375391.42857143,14663055.607142856,-0.010039034394429325,9947740.65183716,7987379.470929572,0.24404041698512988,0.8357780121139491,1.0273927877574285,False,FLAT,True,14,14,28,another event falls within this event's analysis window
tiangolo/fastapi,release,0.135.3,2026-04-01,pypi.downloads,12687876.714285715,13003171.642857144,15491978.035714285,-0.006694534097472782,11163090.16059867,9640209.771306453,0.1648362107432618,0.607016693954658,0.9554765241297589,False,FLAT,True,14,14,28,another event falls within this event's analysis window
tiangolo/fastapi,release,0.135.4,2026-04-16,pypi.downloads,13177381.642857144,15159234.0,16314984.25,0.03179938849552011,20133812.828446858,41055035.934339575,-0.24707584553574105,-0.6026069913544103,-2.3032543528988687,False,FLAT,True,14,14,28,another event falls within this event's analysis window
tiangolo/fastapi,release,0.136.0,2026-04-16,pypi.downloads,13177381.642857144,15159234.0,16314984.25,0.03179938849552011,20133812.828446858,41055035.934339575,-0.24707584553574105,-0.6026069913544103,-2.3032543528988687,False,FLAT,True,14,14,28,another event falls within this event's analysis window
tiangolo/fastapi,release,0.136.1,2026-04-23,pypi.downloads,14935371.285714285,14690844.785714285,16905358.42857143,0.013113843084667565,17738034.837914243,23724147.354214523,-0.17178848051908926,-0.2874197678776328,-1.57756528330289,False,FLAT,True,14,14,28,another event falls within this event's analysis window
tiangolo/fastapi,release,0.136.2,2026-05-23,pypi.downloads,17673223.35714286,16262042.5,16571649.107142856,0.009166628204800409,19906322.92131993,24381462.56304851,-0.1830715012372707,-0.32031767723983345,-1.2478336792936149,False,FLAT,True,14,14,28,another event falls within this event's analysis window
tiangolo/fastapi,release,0.136.3,2026-05-23,pypi.downloads,17673223.35714286,16262042.5,16571649.107142856,0.009166628204800409,19906322.92131993,24381462.56304851,-0.1830715012372707,-0.32031767723983345,-1.2478336792936149,False,FLAT,True,14,14,28,another event falls within this event's analysis window
tiangolo/fastapi,release,0.137.0,2026-06-14,pypi.downloads,16662868.285714285,16538570.5,17343101.5,-0.0031980856317994633,15639030.06516262,14578538.038928643,0.05751894018294585,0.18963242087027002,0.4657595091548453,False,FLAT,True,14,14,28,another event falls within this event's analysis window
tiangolo/fastapi,release,0.137.1,2026-06-15,pypi.downloads,16643999.5,16584310.785714285,17439377.964285713,-0.020744142404136356,12220142.80113178,7788449.857186586,0.35712904960311226,1.2391333685218489,1.4854289742195503,False,FLAT,True,14,14,28,another event falls within this event's analysis window
tiangolo/fastapi,release,0.137.2,2026-06-18,pypi.downloads,16793100.42857143,16505663.0,17973687.964285713,0.004621937885518124,17563693.732647356,19449146.01265215,-0.06023964826263683,-0.07586235649661001,-0.5579542952590063,False,FLAT,True,14,14,28,another event falls within this event's analysis window
tiangolo/fastapi,release,0.138.0,2026-06-20,pypi.downloads,16618830.857142856,16542974.42857143,18274276.964285713,0.016641882788570594,20588525.39179906,29799795.818154104,-0.1964954209318496,-0.3867650276599217,-1.4625615481441558,False,FLAT,True,14,14,28,another event falls within this event's analysis window
tiangolo/fastapi,release,0.138.1,2026-06-25,pypi.downloads,16629032.357142856,16330850.785714285,19105960.285714287,0.006138116639997193,17823065.09644006,20410232.789617773,-0.08372377605375096,-0.06390287251240662,-0.6821288631851132,False,FLAT,True,14,14,28,another event falls within this event's analysis window
tiangolo/fastapi,release,0.138.2,2026-06-29,pypi.downloads,16584310.785714285,16420190.07142857,19765625.0,-0.023100753419179276,11828164.013101567,7168012.225787298,0.3882281352575605,1.7574764631249,1.896437045024056,False,FLAT,True,14,14,28,another event falls within this event's analysis window
tiangolo/fastapi,release,0.139.0,2026-07-01,pypi.downloads,16491842.42857143,16505768.42857143,20036477.714285713,-0.004836356548476917,15191526.38485059,13662509.70847143,0.08651152033224509,0.4665298061498985,0.8602878836341554,False,FLAT,True,14,14,28,another event falls within this event's analysis window
tiangolo/fastapi,release,0.139.1,2026-07-16,pypi.downloads,16520050.142857144,19064128.785714287,19382446.035714287,0.01057364640026437,18816853.237401832,23780357.760068774,0.01314117430755911,-0.1849388377049281,0.2210253231879793,False,FLAT,True,14,14,28,another event falls within this event's analysis window
tiangolo/fastapi,release,0.139.2,2026-07-16,pypi.downloads,16520050.142857144,19064128.785714287,19382446.035714287,0.01057364640026437,18816853.237401832,23780357.760068774,0.01314117430755911,-0.1849388377049281,0.2210253231879793,False,FLAT,True,14,14,28,another event falls within this event's analysis window
tiangolo/fastapi,release,0.140.0,2026-07-24,pypi.downloads,17878124.285714287,20333796.285714287,18429387.95238095,0.022420983468200095,24000242.650263306,36352990.02547819,-0.15276705398263105,-0.4930434074483388,-1.6409832001473974,False,INSUFFICIENT,True,14,14,21,another event falls within this event's analysis window; sustained window has only 3/4 complete weeks of data; cannot judge persistence
tiangolo/fastapi,release,0.140.1,2026-07-27,pypi.downloads,18266012.92857143,20992163.92857143,20088367.214285713,-0.013572992352320123,14880928.208551249,12122839.00687651,0.4106757074809615,0.6570678867294096,2.281855088974608,False,INSUFFICIENT,True,14,14,14,another event falls within this event's analysis window; sustained window has only 2/4 complete weeks of data; cannot judge persistence
tiangolo/fastapi,release,0.140.2,2026-07-27,pypi.downloads,18266012.92857143,20992163.92857143,20088367.214285713,-0.013572992352320123,14880928.208551249,12122839.00687651,0.4106757074809615,0.6570678867294096,2.281855088974608,False,INSUFFICIENT,True,14,14,14,another event falls within this event's analysis window; sustained window has only 2/4 complete weeks of data; cannot judge persistence
tiangolo/fastapi,release,0.140.3,2026-07-27,pypi.downloads,18266012.92857143,20992163.92857143,20088367.214285713,-0.013572992352320123,14880928.208551249,12122839.00687651,0.4106757074809615,0.6570678867294096,2.281855088974608,False,INSUFFICIENT,True,14,14,14,another event falls within this event's analysis window; sustained window has only 2/4 complete weeks of data; cannot judge persistence
tiangolo/fastapi,release,0.140.4,2026-07-27,pypi.downloads,18266012.92857143,20992163.92857143,20088367.214285713,-0.013572992352320123,14880928.208551249,12122839.00687651,0.4106757074809615,0.6570678867294096,2.281855088974608,False,INSUFFICIENT,True,14,14,14,another event falls within this event's analysis window; sustained window has only 2/4 complete weeks of data; cannot judge persistence
tiangolo/fastapi,release,0.140.5,2026-07-27,pypi.downloads,18266012.92857143,20992163.92857143,20088367.214285713,-0.013572992352320123,14880928.208551249,12122839.00687651,0.4106757074809615,0.6570678867294096,2.281855088974608,False,INSUFFICIENT,True,14,14,14,another event falls within this event's analysis window; sustained window has only 2/4 complete weeks of data; cannot judge persistence
tiangolo/fastapi,release,0.140.6,2026-07-27,pypi.downloads,18266012.92857143,20992163.92857143,20088367.214285713,-0.013572992352320123,14880928.208551249,12122839.00687651,0.4106757074809615,0.6570678867294096,2.281855088974608,False,INSUFFICIENT,True,14,14,14,another event falls within this event's analysis window; sustained window has only 2/4 complete weeks of data; cannot judge persistence
tiangolo/fastapi,release,0.140.7,2026-07-27,pypi.downloads,18266012.92857143,20992163.92857143,20088367.214285713,-0.013572992352320123,14880928.208551249,12122839.00687651,0.4106757074809615,0.6570678867294096,2.281855088974608,False,INSUFFICIENT,True,14,14,14,another event falls within this event's analysis window; sustained window has only 2/4 complete weeks of data; cannot judge persistence
tiangolo/fastapi,release,0.140.10,2026-07-28,pypi.downloads,18450021.07142857,21081228.92857143,19355366.42857143,-0.006295641422866649,16623584.34441002,15121072.375434672,0.26815183126618364,0.2800260423338551,2.7521678277910353,False,INSUFFICIENT,True,14,14,14,another event falls within this event's analysis window; sustained window has only 2/4 complete weeks of data; cannot judge persistence
tiangolo/fastapi,release,0.140.11,2026-07-28,pypi.downloads,18450021.07142857,21081228.92857143,19355366.42857143,-0.006295641422866649,16623584.34441002,15121072.375434672,0.26815183126618364,0.2800260423338551,2.7521678277910353,False,INSUFFICIENT,True,14,14,14,another event falls within this event's analysis window; sustained window has only 2/4 complete weeks of data; cannot judge persistence
tiangolo/fastapi,release,0.140.12,2026-07-28,pypi.downloads,18450021.07142857,21081228.92857143,19355366.42857143,-0.006295641422866649,16623584.34441002,15121072.375434672,0.26815183126618364,0.2800260423338551,2.7521678277910353,False,INSUFFICIENT,True,14,14,14,another event falls within this event's analysis window; sustained window has only 2/4 complete weeks of data; cannot judge persistence
tiangolo/fastapi,release,0.140.13,2026-07-28,pypi.downloads,18450021.07142857,21081228.92857143,19355366.42857143,-0.006295641422866649,16623584.34441002,15121072.375434672,0.26815183126618364,0.2800260423338551,2.7521678277910353,False,INSUFFICIENT,True,14,14,14,another event falls within this event's analysis window; sustained window has only 2/4 complete weeks of data; cannot judge persistence
tiangolo/fastapi,release,0.140.8,2026-07-28,pypi.downloads,18450021.07142857,21081228.92857143,19355366.42857143,-0.006295641422866649,16623584.34441002,15121072.375434672,0.26815183126618364,0.2800260423338551,2.7521678277910353,False,INSUFFICIENT,True,14,14,14,another event falls within this event's analysis window; sustained window has only 2/4 complete weeks of data; cannot judge persistence
tiangolo/fastapi,release,0.140.9,2026-07-28,pypi.downloads,18450021.07142857,21081228.92857143,19355366.42857143,-0.006295641422866649,16623584.34441002,15121072.375434672,0.26815183126618364,0.2800260423338551,2.7521678277910353,False,INSUFFICIENT,True,14,14,14,another event falls within this event's analysis window; sustained window has only 2/4 complete weeks of data; cannot judge persistence
tiangolo/fastapi,release,0.141.0,2026-07-29,pypi.downloads,18750401.0,21052225.14285714,18576735.07142857,0.003369251408930518,19300183.710897613,20298935.323218573,0.09077848471308901,-0.08484190054145815,1.111285445825853,False,INSUFFICIENT,True,14,14,14,another event falls within this event's analysis window; sustained window has only 2/4 complete weeks of data; cannot judge persistence
tiangolo/fastapi,release,0.141.1,2026-07-29,pypi.downloads,18750401.0,21052225.14285714,18576735.07142857,0.003369251408930518,19300183.710897613,20298935.323218573,0.09077848471308901,-0.08484190054145815,1.111285445825853,False,INSUFFICIENT,True,14,14,14,another event falls within this event's analysis window; sustained window has only 2/4 complete weeks of data; cannot judge persistence
pallets/click,release,7.1,2020-03-09,pypi.downloads,,,,,,,,,,False,INSUFFICIENT,False,0,0,0,"insufficient data: baseline 0/2 complete weeks, immediate 0/2 complete weeks"
pallets/click,release,7.1.1,2020-03-09,pypi.downloads,,,,,,,,,,False,INSUFFICIENT,False,0,0,0,"insufficient data: baseline 0/2 complete weeks, immediate 0/2 complete weeks"
pallets/click,release,7.1.2,2020-04-27,pypi.downloads,,,,,,,,,,False,INSUFFICIENT,False,0,0,0,"insufficient data: baseline 0/2 complete weeks, immediate 0/2 complete weeks"
pallets/click,release,8.0.0a1,2020-11-29,pypi.downloads,,,,,,,,,,False,INSUFFICIENT,False,0,0,0,"insufficient data: baseline 0/2 complete weeks, immediate 0/2 complete weeks"
pallets/click,release,8.0.0rc1,2021-04-16,pypi.downloads,,,,,,,,,,False,INSUFFICIENT,True,0,0,0,"another event falls within this event's analysis window; insufficient data: baseline 0/2 complete weeks, immediate 0/2 complete weeks"
pallets/click,release,8.0.0,2021-05-12,pypi.downloads,,,,,,,,,,False,INSUFFICIENT,True,0,0,0,"another event falls within this event's analysis window; insufficient data: baseline 0/2 complete weeks, immediate 0/2 complete weeks"
pallets/click,release,8.0.1,2021-05-19,pypi.downloads,,,,,,,,,,False,INSUFFICIENT,True,0,0,0,"another event falls within this event's analysis window; insufficient data: baseline 0/2 complete weeks, immediate 0/2 complete weeks"
pallets/click,release,8.0.2,2021-10-08,pypi.downloads,,,,,,,,,,False,INSUFFICIENT,True,0,0,0,"another event falls within this event's analysis window; insufficient data: baseline 0/2 complete weeks, immediate 0/2 complete weeks"
pallets/click,release,8.0.3,2021-10-10,pypi.downloads,,,,,,,,,,False,INSUFFICIENT,True,0,0,0,"another event falls within this event's analysis window; insufficient data: baseline 0/2 complete weeks, immediate 0/2 complete weeks"
pallets/click,release,8.0.4,2022-02-18,pypi.downloads,,,,,,,,,,False,INSUFFICIENT,True,0,0,0,"another event falls within this event's analysis window; insufficient data: baseline 0/2 complete weeks, immediate 0/2 complete weeks"
pallets/click,release,8.1.0,2022-03-28,pypi.downloads,,,,,,,,,,False,INSUFFICIENT,True,0,0,0,"another event falls within this event's analysis window; insufficient data: baseline 0/2 complete weeks, immediate 0/2 complete weeks"
pallets/click,release,8.1.1,2022-03-30,pypi.downloads,,,,,,,,,,False,INSUFFICIENT,True,0,0,0,"another event falls within this event's analysis window; insufficient data: baseline 0/2 complete weeks, immediate 0/2 complete weeks"
pallets/click,release,8.1.2,2022-03-31,pypi.downloads,,,,,,,,,,False,INSUFFICIENT,True,0,0,0,"another event falls within this event's analysis window; insufficient data: baseline 0/2 complete weeks, immediate 0/2 complete weeks"
pallets/click,release,8.1.3,2022-04-28,pypi.downloads,,,,,,,,,,False,INSUFFICIENT,False,0,0,0,"insufficient data: baseline 0/2 complete weeks, immediate 0/2 complete weeks"
pallets/click,release,8.1.4,2023-07-06,pypi.downloads,,,,,,,,,,False,INSUFFICIENT,True,0,0,0,"another event falls within this event's analysis window; insufficient data: baseline 0/2 complete weeks, immediate 0/2 complete weeks"
pallets/click,release,8.1.5,2023-07-13,pypi.downloads,,,,,,,,,,False,INSUFFICIENT,True,0,0,0,"another event falls within this event's analysis window; insufficient data: baseline 0/2 complete weeks, immediate 0/2 complete weeks"
pallets/click,release,8.1.6,2023-07-18,pypi.downloads,,,,,,,,,,False,INSUFFICIENT,True,0,0,0,"another event falls within this event's analysis window; insufficient data: baseline 0/2 complete weeks, immediate 0/2 complete weeks"
pallets/click,release,8.1.7,2023-08-17,pypi.downloads,,,,,,,,,,False,INSUFFICIENT,False,0,0,0,"insufficient data: baseline 0/2 complete weeks, immediate 0/2 complete weeks"
pallets/click,release,8.1.8,2024-12-21,pypi.downloads,,,,,,,,,,False,INSUFFICIENT,False,0,0,0,"insufficient data: baseline 0/2 complete weeks, immediate 0/2 complete weeks"
pallets/click,release,8.2.0,2025-05-10,pypi.downloads,,,,,,,,,,False,INSUFFICIENT,True,0,0,0,"another event falls within this event's analysis window; insufficient data: baseline 0/2 complete weeks, immediate 0/2 complete weeks"
pallets/click,release,8.2.1,2025-05-20,pypi.downloads,,,,,,,,,,False,INSUFFICIENT,True,0,0,0,"another event falls within this event's analysis window; insufficient data: baseline 0/2 complete weeks, immediate 0/2 complete weeks"
pallets/click,release,8.2.2,2025-08-02,pypi.downloads,,,,,,,,,,False,INSUFFICIENT,False,0,0,0,"insufficient data: baseline 0/2 complete weeks, immediate 0/2 complete weeks"
pallets/click,release,8.3.0,2025-09-18,pypi.downloads,,,,,,,,,,False,INSUFFICIENT,False,0,0,0,"insufficient data: baseline 0/2 complete weeks, immediate 0/2 complete weeks"
pallets/click,release,8.3.1,2025-11-15,pypi.downloads,,,,,,,,,,False,INSUFFICIENT,False,0,0,0,"insufficient data: baseline 0/2 complete weeks, immediate 0/2 complete weeks"
pallets/click,release,8.3.2,2026-04-03,pypi.downloads,24475217.57142857,28767139.285714287,32142697.14285714,0.02058039105538545,31762980.178249266,50229730.86104507,-0.09431863369629523,-0.360086216034557,-1.0183591786727222,False,FLAT,True,14,14,28,another event falls within this event's analysis window
pallets/click,release,8.3.3,2026-04-22,pypi.downloads,30776254.785714287,31584232.07142857,32810872.285714287,0.0020228619216329236,31083793.171224054,32500147.317914702,0.016099672824608814,0.009560724902570142,0.16882472587452604,False,FLAT,True,14,14,28,another event falls within this event's analysis window
pallets/click,release,8.4.0,2026-05-17,pypi.downloads,32460645.14285714,32770629.92857143,32828210.07142857,0.007667367168154415,35435704.65578451,41979746.693981215,-0.07520874081949533,-0.21799885285788856,-0.4987211057730922,False,FLAT,True,14,14,28,another event falls within this event's analysis window
pallets/click,release,8.4.1,2026-05-22,pypi.downloads,33775759.14285714,31910586.85714286,33012161.82142857,0.018581046615629315,43082659.033359945,65133142.37158342,-0.25931714585133386,-0.49315877263997526,-3.091915185812032,False,FLAT,True,14,14,28,another event falls within this event's analysis window
pallets/click,release,8.4.2,2026-06-26,pypi.downloads,32269134.714285713,33769929.5,36607926.78571428,0.01539312583692376,39168766.19782032,55127830.6695172,-0.137835250427693,-0.33594472445010337,-1.0879022308069008,False,FLAT,False,14,14,28,
pallets/click,release,8.5.0,2026-08-27,pypi.downloads,36110601.64285714,,,,,,,,,False,INSUFFICIENT,False,14,0,0,"insufficient data: baseline 2/2 complete weeks, immediate 0/2 complete weeks"
pallets/flask,release,0.12.3,2018-04-26,pypi.downloads,,,,,,,,,,False,INSUFFICIENT,True,0,0,0,"another event falls within this event's analysis window; insufficient data: baseline 0/2 complete weeks, immediate 0/2 complete weeks"
pallets/flask,release,1.0,2018-04-26,pypi.downloads,,,,,,,,,,False,INSUFFICIENT,True,0,0,0,"another event falls within this event's analysis window; insufficient data: baseline 0/2 complete weeks, immediate 0/2 complete weeks"
pallets/flask,release,0.12.4,2018-04-30,pypi.downloads,,,,,,,,,,False,INSUFFICIENT,True,0,0,0,"another event falls within this event's analysis window; insufficient data: baseline 0/2 complete weeks, immediate 0/2 complete weeks"
pallets/flask,release,1.0.1,2018-04-30,pypi.downloads,,,,,,,,,,False,INSUFFICIENT,True,0,0,0,"another event falls within this event's analysis window; insufficient data: baseline 0/2 complete weeks, immediate 0/2 complete weeks"
pallets/flask,release,1.0.2,2018-05-02,pypi.downloads,,,,,,,,,,False,INSUFFICIENT,True,0,0,0,"another event falls within this event's analysis window; insufficient data: baseline 0/2 complete weeks, immediate 0/2 complete weeks"
pallets/flask,release,1.0.3,2019-07-09,pypi.downloads,,,,,,,,,,False,INSUFFICIENT,False,0,0,0,"insufficient data: baseline 0/2 complete weeks, immediate 0/2 complete weeks"
pallets/flask,release,1.0.4,2019-07-09,pypi.downloads,,,,,,,,,,False,INSUFFICIENT,False,0,0,0,"insufficient data: baseline 0/2 complete weeks, immediate 0/2 complete weeks"
pallets/flask,release,1.1.0,2019-07-09,pypi.downloads,,,,,,,,,,False,INSUFFICIENT,False,0,0,0,"insufficient data: baseline 0/2 complete weeks, immediate 0/2 complete weeks"
pallets/flask,release,1.1.1,2019-07-09,pypi.downloads,,,,,,,,,,False,INSUFFICIENT,False,0,0,0,"insufficient data: baseline 0/2 complete weeks, immediate 0/2 complete weeks"
pallets/flask,release,1.1.2,2020-04-03,pypi.downloads,,,,,,,,,,False,INSUFFICIENT,False,0,0,0,"insufficient data: baseline 0/2 complete weeks, immediate 0/2 complete weeks"
pallets/flask,release,2.0.0rc1,2021-04-16,pypi.downloads,,,,,,,,,,False,INSUFFICIENT,True,0,0,0,"another event falls within this event's analysis window; insufficient data: baseline 0/2 complete weeks, immediate 0/2 complete weeks"
pallets/flask,release,2.0.0rc2,2021-05-03,pypi.downloads,,,,,,,,,,False,INSUFFICIENT,True,0,0,0,"another event falls within this event's analysis window; insufficient data: baseline 0/2 complete weeks, immediate 0/2 complete weeks"
pallets/flask,release,2.0.0,2021-05-12,pypi.downloads,,,,,,,,,,False,INSUFFICIENT,True,0,0,0,"another event falls within this event's analysis window; insufficient data: baseline 0/2 complete weeks, immediate 0/2 complete weeks"
pallets/flask,release,2.0.1,2021-05-21,pypi.downloads,,,,,,,,,,False,INSUFFICIENT,True,0,0,0,"another event falls within this event's analysis window; insufficient data: baseline 0/2 complete weeks, immediate 0/2 complete weeks"
pallets/flask,release,2.0.2,2021-10-04,pypi.downloads,,,,,,,,,,False,INSUFFICIENT,False,0,0,0,"insufficient data: baseline 0/2 complete weeks, immediate 0/2 complete weeks"
pallets/flask,release,2.0.3,2022-02-14,pypi.downloads,,,,,,,,,,False,INSUFFICIENT,True,0,0,0,"another event falls within this event's analysis window; insufficient data: baseline 0/2 complete weeks, immediate 0/2 complete weeks"
pallets/flask,release,2.1.0,2022-03-28,pypi.downloads,,,,,,,,,,False,INSUFFICIENT,True,0,0,0,"another event falls within this event's analysis window; insufficient data: baseline 0/2 complete weeks, immediate 0/2 complete weeks"
pallets/flask,release,2.1.1,2022-03-30,pypi.downloads,,,,,,,,,,False,INSUFFICIENT,True,0,0,0,"another event falls within this event's analysis window; insufficient data: baseline 0/2 complete weeks, immediate 0/2 complete weeks"
pallets/flask,release,2.1.2,2022-04-28,pypi.downloads,,,,,,,,,,False,INSUFFICIENT,False,0,0,0,"insufficient data: baseline 0/2 complete weeks, immediate 0/2 complete weeks"
pallets/flask,release,2.1.3,2022-07-13,pypi.downloads,,,,,,,,,,False,INSUFFICIENT,True,0,0,0,"another event falls within this event's analysis window; insufficient data: baseline 0/2 complete weeks, immediate 0/2 complete weeks"
pallets/flask,release,2.2.0,2022-08-02,pypi.downloads,,,,,,,,,,False,INSUFFICIENT,True,0,0,0,"another event falls within this event's analysis window; insufficient data: baseline 0/2 complete weeks, immediate 0/2 complete weeks"
pallets/flask,release,2.2.1,2022-08-03,pypi.downloads,,,,,,,,,,False,INSUFFICIENT,True,0,0,0,"another event falls within this event's analysis window; insufficient data: baseline 0/2 complete weeks, immediate 0/2 complete weeks"
pallets/flask,release,2.2.2,2022-08-08,pypi.downloads,,,,,,,,,,False,INSUFFICIENT,True,0,0,0,"another event falls within this event's analysis window; insufficient data: baseline 0/2 complete weeks, immediate 0/2 complete weeks"
pallets/flask,release,2.2.3,2023-02-15,pypi.downloads,,,,,,,,,,False,INSUFFICIENT,False,0,0,0,"insufficient data: baseline 0/2 complete weeks, immediate 0/2 complete weeks"
pallets/flask,release,2.2.4,2023-04-25,pypi.downloads,,,,,,,,,,False,INSUFFICIENT,True,0,0,0,"another event falls within this event's analysis window; insufficient data: baseline 0/2 complete weeks, immediate 0/2 complete weeks"
pallets/flask,release,2.3.0,2023-04-25,pypi.downloads,,,,,,,,,,False,INSUFFICIENT,True,0,0,0,"another event falls within this event's analysis window; insufficient data: baseline 0/2 complete weeks, immediate 0/2 complete weeks"
pallets/flask,release,2.3.1,2023-04-25,pypi.downloads,,,,,,,,,,False,INSUFFICIENT,True,0,0,0,"another event falls within this event's analysis window; insufficient data: baseline 0/2 complete weeks, immediate 0/2 complete weeks"
pallets/flask,release,2.3.2,2023-05-01,pypi.downloads,,,,,,,,,,False,INSUFFICIENT,True,0,0,0,"another event falls within this event's analysis window; insufficient data: baseline 0/2 complete weeks, immediate 0/2 complete weeks"
pallets/flask,release,2.2.5,2023-05-02,pypi.downloads,,,,,,,,,,False,INSUFFICIENT,True,0,0,0,"another event falls within this event's analysis window; insufficient data: baseline 0/2 complete weeks, immediate 0/2 complete weeks"
pallets/flask,release,2.3.3,2023-08-21,pypi.downloads,,,,,,,,,,False,INSUFFICIENT,True,0,0,0,"another event falls within this event's analysis window; insufficient data: baseline 0/2 complete weeks, immediate 0/2 complete weeks"
pallets/flask,release,3.0.0,2023-09-30,pypi.downloads,,,,,,,,,,False,INSUFFICIENT,False,0,0,0,"insufficient data: baseline 0/2 complete weeks, immediate 0/2 complete weeks"
pallets/flask,release,3.0.1,2024-01-18,pypi.downloads,,,,,,,,,,False,INSUFFICIENT,True,0,0,0,"another event falls within this event's analysis window; insufficient data: baseline 0/2 complete weeks, immediate 0/2 complete weeks"
pallets/flask,release,3.0.2,2024-02-03,pypi.downloads,,,,,,,,,,False,INSUFFICIENT,False,0,0,0,"insufficient data: baseline 0/2 complete weeks, immediate 0/2 complete weeks"
pallets/flask,release,3.0.3,2024-04-07,pypi.downloads,,,,,,,,,,False,INSUFFICIENT,False,0,0,0,"insufficient data: baseline 0/2 complete weeks, immediate 0/2 complete weeks"
pallets/flask,release,3.1.0,2024-11-13,pypi.downloads,,,,,,,,,,False,INSUFFICIENT,False,0,0,0,"insufficient data: baseline 0/2 complete weeks, immediate 0/2 complete weeks"
pallets/flask,release,3.1.1,2025-05-13,pypi.downloads,,,,,,,,,,False,INSUFFICIENT,False,0,0,0,"insufficient data: baseline 0/2 complete weeks, immediate 0/2 complete weeks"
pallets/flask,release,3.1.2,2025-08-19,pypi.downloads,,,,,,,,,,False,INSUFFICIENT,False,0,0,0,"insufficient data: baseline 0/2 complete weeks, immediate 0/2 complete weeks"
pallets/flask,release,3.1.3,2026-02-19,pypi.downloads,,,7007102.607142857,,,,,,,False,INSUFFICIENT,False,0,0,28,"insufficient data: baseline 0/2 complete weeks, immediate 0/2 complete weeks"
psf/requests,release,v2.27.0,2022-01-06,pypi.downloads,,,,,,,,,,False,INSUFFICIENT,False,0,0,0,"insufficient data: baseline 0/2 complete weeks, immediate 0/2 complete weeks"
psf/requests,release,v2.27.1,2022-01-06,pypi.downloads,,,,,,,,,,False,INSUFFICIENT,False,0,0,0,"insufficient data: baseline 0/2 complete weeks, immediate 0/2 complete weeks"
psf/requests,release,v2.28.0,2022-06-09,pypi.downloads,,,,,,,,,,False,INSUFFICIENT,True,0,0,0,"another event falls within this event's analysis window; insufficient data: baseline 0/2 complete weeks, immediate 0/2 complete weeks"
psf/requests,release,v2.28.1,2022-06-29,pypi.downloads,,,,,,,,,,False,INSUFFICIENT,False,0,0,0,"insufficient data: baseline 0/2 complete weeks, immediate 0/2 complete weeks"
psf/requests,release,v2.28.2,2023-01-12,pypi.downloads,,,,,,,,,,False,INSUFFICIENT,False,0,0,0,"insufficient data: baseline 0/2 complete weeks, immediate 0/2 complete weeks"
psf/requests,release,v2.29.0,2023-04-26,pypi.downloads,,,,,,,,,,False,INSUFFICIENT,True,0,0,0,"another event falls within this event's analysis window; insufficient data: baseline 0/2 complete weeks, immediate 0/2 complete weeks"
psf/requests,release,v2.30.0,2023-05-04,pypi.downloads,,,,,,,,,,False,INSUFFICIENT,True,0,0,0,"another event falls within this event's analysis window; insufficient data: baseline 0/2 complete weeks, immediate 0/2 complete weeks"
psf/requests,release,v2.31.0,2023-05-22,pypi.downloads,,,,,,,,,,False,INSUFFICIENT,False,0,0,0,"insufficient data: baseline 0/2 complete weeks, immediate 0/2 complete weeks"
psf/requests,release,v2.32.0,2024-05-20,pypi.downloads,,,,,,,,,,False,INSUFFICIENT,True,0,0,0,"another event falls within this event's analysis window; insufficient data: baseline 0/2 complete weeks, immediate 0/2 complete weeks"
psf/requests,release,v2.32.1,2024-05-21,pypi.downloads,,,,,,,,,,False,INSUFFICIENT,True,0,0,0,"another event falls within this event's analysis window; insufficient data: baseline 0/2 complete weeks, immediate 0/2 complete weeks"
psf/requests,release,v2.32.2,2024-05-21,pypi.downloads,,,,,,,,,,False,INSUFFICIENT,True,0,0,0,"another event falls within this event's analysis window; insufficient data: baseline 0/2 complete weeks, immediate 0/2 complete weeks"
psf/requests,release,v2.32.3,2024-05-29,pypi.downloads,,,,,,,,,,False,INSUFFICIENT,True,0,0,0,"another event falls within this event's analysis window; insufficient data: baseline 0/2 complete weeks, immediate 0/2 complete weeks"
psf/requests,release,v2.32.4,2025-06-09,pypi.downloads,,,,,,,,,,False,INSUFFICIENT,False,0,0,0,"insufficient data: baseline 0/2 complete weeks, immediate 0/2 complete weeks"
psf/requests,release,v2.32.5,2025-08-18,pypi.downloads,,,,,,,,,,False,INSUFFICIENT,False,0,0,0,"insufficient data: baseline 0/2 complete weeks, immediate 0/2 complete weeks"
psf/requests,release,v2.33.0,2026-03-25,pypi.downloads,40449507.0,45240071.928571425,49533173.678571425,-0.0021690284507944746,38486694.11360036,36695628.46418117,0.17547305557181048,0.34983854349084287,2.1624359774685953,False,SUSTAINED,True,14,14,28,another event falls within this event's analysis window
psf/requests,release,v2.33.1,2026-03-30,pypi.downloads,42555349.71428572,45883536.71428572,50158663.96428572,-0.00698807070068419,37793219.53922057,32429121.03180526,0.2140679538209037,0.546716727693359,1.1780357188922548,False,FLAT,True,14,14,28,another event falls within this event's analysis window
psf/requests,release,v2.34.0,2026-05-11,pypi.downloads,48995555.14285714,55255209.571428575,54031308.10714286,-0.01238663240715876,40596692.076342516,30978089.704667848,0.3610766480067036,0.7441781795538316,1.8013976409454804,False,FLAT,True,14,14,28,another event falls within this event's analysis window
psf/requests,release,v2.34.1,2026-05-13,pypi.downloads,50035680.64285714,54228875.428571425,54280122.178571425,0.008685838309903327,55506300.87571168,67261715.12425329,-0.023014061953085887,-0.19300121802872297,-0.20674505636660784,False,FLAT,True,14,14,28,another event falls within this event's analysis window
psf/requests,release,v2.34.2,2026-05-14,pypi.downloads,50497369.71428572,54035469.28571428,54334546.571428575,0.019418094604015446,65035797.59125297,100190734.05793916,-0.16914266777621836,-0.45768890624149405,-1.8267257782232136,False,FLAT,True,14,14,28,another event falls within this event's analysis window
pytest-dev/pytest,release,4.6.5,2019-08-09,pypi.downloads,,,,,,,,,,False,INSUFFICIENT,True,0,0,0,"another event falls within this event's analysis window; insufficient data: baseline 0/2 complete weeks, immediate 0/2 complete weeks"
pytest-dev/pytest,release,5.0.1,2019-08-10,pypi.downloads,,,,,,,,,,False,INSUFFICIENT,True,0,0,0,"another event falls within this event's analysis window; insufficient data: baseline 0/2 complete weeks, immediate 0/2 complete weeks"
pytest-dev/pytest,release,5.1.0,2019-08-16,pypi.downloads,,,,,,,,,,False,INSUFFICIENT,True,0,0,0,"another event falls within this event's analysis window; insufficient data: baseline 0/2 complete weeks, immediate 0/2 complete weeks"
pytest-dev/pytest,release,5.1.1,2019-08-20,pypi.downloads,,,,,,,,,,False,INSUFFICIENT,True,0,0,0,"another event falls within this event's analysis window; insufficient data: baseline 0/2 complete weeks, immediate 0/2 complete weeks"
pytest-dev/pytest,release,5.1.2,2019-08-30,pypi.downloads,,,,,,,,,,False,INSUFFICIENT,True,0,0,0,"another event falls within this event's analysis window; insufficient data: baseline 0/2 complete weeks, immediate 0/2 complete weeks"
pytest-dev/pytest,release,5.1.3,2019-09-21,pypi.downloads,,,,,,,,,,False,INSUFFICIENT,True,0,0,0,"another event falls within this event's analysis window; insufficient data: baseline 0/2 complete weeks, immediate 0/2 complete weeks"
pytest-dev/pytest,release,5.2.0,2019-09-29,pypi.downloads,,,,,,,,,,False,INSUFFICIENT,True,0,0,0,"another event falls within this event's analysis window; insufficient data: baseline 0/2 complete weeks, immediate 0/2 complete weeks"
pytest-dev/pytest,release,5.2.1,2019-10-06,pypi.downloads,,,,,,,,,,False,INSUFFICIENT,True,0,0,0,"another event falls within this event's analysis window; insufficient data: baseline 0/2 complete weeks, immediate 0/2 complete weeks"
pytest-dev/pytest,release,4.6.6,2019-10-13,pypi.downloads,,,,,,,,,,False,INSUFFICIENT,True,0,0,0,"another event falls within this event's analysis window; insufficient data: baseline 0/2 complete weeks, immediate 0/2 complete weeks"
pytest-dev/pytest,release,5.2.2,2019-10-25,pypi.downloads,,,,,,,,,,False,INSUFFICIENT,True,0,0,0,"another event falls within this event's analysis window; insufficient data: baseline 0/2 complete weeks, immediate 0/2 complete weeks"
pytest-dev/pytest,release,5.2.3,2019-11-14,pypi.downloads,,,,,,,,,,False,INSUFFICIENT,True,0,0,0,"another event falls within this event's analysis window; insufficient data: baseline 0/2 complete weeks, immediate 0/2 complete weeks"
pytest-dev/pytest,release,5.2.4,2019-11-15,pypi.downloads,,,,,,,,,,False,INSUFFICIENT,True,0,0,0,"another event falls within this event's analysis window; insufficient data: baseline 0/2 complete weeks, immediate 0/2 complete weeks"
pytest-dev/pytest,release,5.3.0,2019-11-19,pypi.downloads,,,,,,,,,,False,INSUFFICIENT,True,0,0,0,"another event falls within this event's analysis window; insufficient data: baseline 0/2 complete weeks, immediate 0/2 complete weeks"
pytest-dev/pytest,release,5.3.1,2019-11-26,pypi.downloads,,,,,,,,,,False,INSUFFICIENT,True,0,0,0,"another event falls within this event's analysis window; insufficient data: baseline 0/2 complete weeks, immediate 0/2 complete weeks"
pytest-dev/pytest,release,4.6.7,2019-12-06,pypi.downloads,,,,,,,,,,False,INSUFFICIENT,True,0,0,0,"another event falls within this event's analysis window; insufficient data: baseline 0/2 complete weeks, immediate 0/2 complete weeks"
pytest-dev/pytest,release,5.3.2,2019-12-14,pypi.downloads,,,,,,,,,,False,INSUFFICIENT,True,0,0,0,"another event falls within this event's analysis window; insufficient data: baseline 0/2 complete weeks, immediate 0/2 complete weeks"
pytest-dev/pytest,release,4.6.8,2019-12-19,pypi.downloads,,,,,,,,,,False,INSUFFICIENT,True,0,0,0,"another event falls within this event's analysis window; insufficient data: baseline 0/2 complete weeks, immediate 0/2 complete weeks"
pytest-dev/pytest,release,4.6.9,2020-01-04,pypi.downloads,,,,,,,,,,False,INSUFFICIENT,True,0,0,0,"another event falls within this event's analysis window; insufficient data: baseline 0/2 complete weeks, immediate 0/2 complete weeks"
pytest-dev/pytest,release,5.3.3,2020-01-17,pypi.downloads,,,,,,,,,,False,INSUFFICIENT,True,0,0,0,"another event falls within this event's analysis window; insufficient data: baseline 0/2 complete weeks, immediate 0/2 complete weeks"
pytest-dev/pytest,release,5.3.4,2020-01-20,pypi.downloads,,,,,,,,,,False,INSUFFICIENT,True,0,0,0,"another event falls within this event's analysis window; insufficient data: baseline 0/2 complete weeks, immediate 0/2 complete weeks"
pytest-dev/pytest,release,5.3.5,2020-01-29,pypi.downloads,,,,,,,,,,False,INSUFFICIENT,True,0,0,0,"another event falls within this event's analysis window; insufficient data: baseline 0/2 complete weeks, immediate 0/2 complete weeks"
pytest-dev/pytest,release,5.4.0,2020-03-12,pypi.downloads,,,,,,,,,,False,INSUFFICIENT,True,0,0,0,"another event falls within this event's analysis window; insufficient data: baseline 0/2 complete weeks, immediate 0/2 complete weeks"
pytest-dev/pytest,release,5.4.1,2020-03-13,pypi.downloads,,,,,,,,,,False,INSUFFICIENT,True,0,0,0,"another event falls within this event's analysis window; insufficient data: baseline 0/2 complete weeks, immediate 0/2 complete weeks"
pytest-dev/pytest,release,5.4.2,2020-05-08,pypi.downloads,,,,,,,,,,False,INSUFFICIENT,True,0,0,0,"another event falls within this event's analysis window; insufficient data: baseline 0/2 complete weeks, immediate 0/2 complete weeks"
pytest-dev/pytest,release,5.4.3,2020-06-02,pypi.downloads,,,,,,,,,,False,INSUFFICIENT,True,0,0,0,"another event falls within this event's analysis window; insufficient data: baseline 0/2 complete weeks, immediate 0/2 complete weeks"
pytest-dev/pytest,release,4.6.10,2020-06-05,pypi.downloads,,,,,,,,,,False,INSUFFICIENT,True,0,0,0,"another event falls within this event's analysis window; insufficient data: baseline 0/2 complete weeks, immediate 0/2 complete weeks"
pytest-dev/pytest,release,4.6.11,2020-06-05,pypi.downloads,,,,,,,,,,False,INSUFFICIENT,True,0,0,0,"another event falls within this event's analysis window; insufficient data: baseline 0/2 complete weeks, immediate 0/2 complete weeks"
pytest-dev/pytest,release,6.0.0,2020-07-28,pypi.downloads,,,,,,,,,,False,INSUFFICIENT,True,0,0,0,"another event falls within this event's analysis window; insufficient data: baseline 0/2 complete weeks, immediate 0/2 complete weeks"
pytest-dev/pytest,release,6.0.1,2020-07-30,pypi.downloads,,,,,,,,,,False,INSUFFICIENT,True,0,0,0,"another event falls within this event's analysis window; insufficient data: baseline 0/2 complete weeks, immediate 0/2 complete weeks"
pytest-dev/pytest,release,6.0.0rc1,2020-08-28,pypi.downloads,,,,,,,,,,False,INSUFFICIENT,True,0,0,0,"another event falls within this event's analysis window; insufficient data: baseline 0/2 complete weeks, immediate 0/2 complete weeks"
pytest-dev/pytest,release,6.0.2,2020-09-11,pypi.downloads,,,,,,,,,,False,INSUFFICIENT,True,0,0,0,"another event falls within this event's analysis window; insufficient data: baseline 0/2 complete weeks, immediate 0/2 complete weeks"
pytest-dev/pytest,release,6.1.0,2020-09-26,pypi.downloads,,,,,,,,,,False,INSUFFICIENT,True,0,0,0,"another event falls within this event's analysis window; insufficient data: baseline 0/2 complete weeks, immediate 0/2 complete weeks"
pytest-dev/pytest,release,6.1.1,2020-10-03,pypi.downloads,,,,,,,,,,False,INSUFFICIENT,True,0,0,0,"another event falls within this event's analysis window; insufficient data: baseline 0/2 complete weeks, immediate 0/2 complete weeks"
pytest-dev/pytest,release,6.1.2,2020-10-28,pypi.downloads,,,,,,,,,,False,INSUFFICIENT,False,0,0,0,"insufficient data: baseline 0/2 complete weeks, immediate 0/2 complete weeks"
pytest-dev/pytest,release,6.2.0,2020-12-12,pypi.downloads,,,,,,,,,,False,INSUFFICIENT,True,0,0,0,"another event falls within this event's analysis window; insufficient data: baseline 0/2 complete weeks, immediate 0/2 complete weeks"
pytest-dev/pytest,release,6.2.1,2020-12-15,pypi.downloads,,,,,,,,,,False,INSUFFICIENT,True,0,0,0,"another event falls within this event's analysis window; insufficient data: baseline 0/2 complete weeks, immediate 0/2 complete weeks"
pytest-dev/pytest,release,6.2.2,2021-01-25,pypi.downloads,,,,,,,,,,False,INSUFFICIENT,False,0,0,0,"insufficient data: baseline 0/2 complete weeks, immediate 0/2 complete weeks"
pytest-dev/pytest,release,6.2.3,2021-04-03,pypi.downloads,,,,,,,,,,False,INSUFFICIENT,True,0,0,0,"another event falls within this event's analysis window; insufficient data: baseline 0/2 complete weeks, immediate 0/2 complete weeks"
pytest-dev/pytest,release,6.2.4,2021-05-04,pypi.downloads,,,,,,,,,,False,INSUFFICIENT,False,0,0,0,"insufficient data: baseline 0/2 complete weeks, immediate 0/2 complete weeks"
pytest-dev/pytest,release,6.2.5,2021-08-30,pypi.downloads,,,,,,,,,,False,INSUFFICIENT,False,0,0,0,"insufficient data: baseline 0/2 complete weeks, immediate 0/2 complete weeks"
pytest-dev/pytest,release,7.0.0rc1,2021-12-07,pypi.downloads,,,,,,,,,,False,INSUFFICIENT,False,0,0,0,"insufficient data: baseline 0/2 complete weeks, immediate 0/2 complete weeks"
pytest-dev/pytest,release,7.0.0,2022-02-04,pypi.downloads,,,,,,,,,,False,INSUFFICIENT,True,0,0,0,"another event falls within this event's analysis window; insufficient data: baseline 0/2 complete weeks, immediate 0/2 complete weeks"
pytest-dev/pytest,release,7.0.1,2022-02-11,pypi.downloads,,,,,,,,,,False,INSUFFICIENT,True,0,0,0,"another event falls within this event's analysis window; insufficient data: baseline 0/2 complete weeks, immediate 0/2 complete weeks"
pytest-dev/pytest,release,7.1.0,2022-03-13,pypi.downloads,,,,,,,,,,False,INSUFFICIENT,True,0,0,0,"another event falls within this event's analysis window; insufficient data: baseline 0/2 complete weeks, immediate 0/2 complete weeks"
pytest-dev/pytest,release,7.1.1,2022-03-17,pypi.downloads,,,,,,,,,,False,INSUFFICIENT,True,0,0,0,"another event falls within this event's analysis window; insufficient data: baseline 0/2 complete weeks, immediate 0/2 complete weeks"
pytest-dev/pytest,release,7.1.2,2022-04-23,pypi.downloads,,,,,,,,,,False,INSUFFICIENT,False,0,0,0,"insufficient data: baseline 0/2 complete weeks, immediate 0/2 complete weeks"
pytest-dev/pytest,release,7.1.3,2022-09-02,pypi.downloads,,,,,,,,,,False,INSUFFICIENT,False,0,0,0,"insufficient data: baseline 0/2 complete weeks, immediate 0/2 complete weeks"
pytest-dev/pytest,release,7.2.0,2022-10-25,pypi.downloads,,,,,,,,,,False,INSUFFICIENT,False,0,0,0,"insufficient data: baseline 0/2 complete weeks, immediate 0/2 complete weeks"
pytest-dev/pytest,release,7.2.1,2023-01-14,pypi.downloads,,,,,,,,,,False,INSUFFICIENT,False,0,0,0,"insufficient data: baseline 0/2 complete weeks, immediate 0/2 complete weeks"
pytest-dev/pytest,release,7.2.2,2023-03-03,pypi.downloads,,,,,,,,,,False,INSUFFICIENT,True,0,0,0,"another event falls within this event's analysis window; insufficient data: baseline 0/2 complete weeks, immediate 0/2 complete weeks"
pytest-dev/pytest,release,7.3.0,2023-04-08,pypi.downloads,,,,,,,,,,False,INSUFFICIENT,True,0,0,0,"another event falls within this event's analysis window; insufficient data: baseline 0/2 complete weeks, immediate 0/2 complete weeks"
pytest-dev/pytest,release,7.3.1,2023-04-14,pypi.downloads,,,,,,,,,,False,INSUFFICIENT,True,0,0,0,"another event falls within this event's analysis window; insufficient data: baseline 0/2 complete weeks, immediate 0/2 complete weeks"
pytest-dev/pytest,release,7.3.2,2023-06-10,pypi.downloads,,,,,,,,,,False,INSUFFICIENT,True,0,0,0,"another event falls within this event's analysis window; insufficient data: baseline 0/2 complete weeks, immediate 0/2 complete weeks"
pytest-dev/pytest,release,7.4.0,2023-06-23,pypi.downloads,,,,,,,,,,False,INSUFFICIENT,True,0,0,0,"another event falls within this event's analysis window; insufficient data: baseline 0/2 complete weeks, immediate 0/2 complete weeks"
pytest-dev/pytest,release,7.4.1,2023-09-02,pypi.downloads,,,,,,,,,,False,INSUFFICIENT,True,0,0,0,"another event falls within this event's analysis window; insufficient data: baseline 0/2 complete weeks, immediate 0/2 complete weeks"
pytest-dev/pytest,release,7.4.2,2023-09-07,pypi.downloads,,,,,,,,,,False,INSUFFICIENT,True,0,0,0,"another event falls within this event's analysis window; insufficient data: baseline 0/2 complete weeks, immediate 0/2 complete weeks"
pytest-dev/pytest,release,v7.4.3,2023-10-24,pypi.downloads,,,,,,,,,,False,INSUFFICIENT,False,0,0,0,"insufficient data: baseline 0/2 complete weeks, immediate 0/2 complete weeks"
pytest-dev/pytest,release,7.4.4,2023-12-31,pypi.downloads,,,,,,,,,,False,INSUFFICIENT,True,0,0,0,"another event falls within this event's analysis window; insufficient data: baseline 0/2 complete weeks, immediate 0/2 complete weeks"
pytest-dev/pytest,release,8.0.0rc1,2024-01-02,pypi.downloads,,,,,,,,,,False,INSUFFICIENT,True,0,0,0,"another event falls within this event's analysis window; insufficient data: baseline 0/2 complete weeks, immediate 0/2 complete weeks"
pytest-dev/pytest,release,8.0.0rc2,2024-01-17,pypi.downloads,,,,,,,,,,False,INSUFFICIENT,True,0,0,0,"another event falls within this event's analysis window; insufficient data: baseline 0/2 complete weeks, immediate 0/2 complete weeks"
pytest-dev/pytest,release,8.0.0,2024-01-27,pypi.downloads,,,,,,,,,,False,INSUFFICIENT,True,0,0,0,"another event falls within this event's analysis window; insufficient data: baseline 0/2 complete weeks, immediate 0/2 complete weeks"
pytest-dev/pytest,release,8.0.1,2024-02-16,pypi.downloads,,,,,,,,,,False,INSUFFICIENT,True,0,0,0,"another event falls within this event's analysis window; insufficient data: baseline 0/2 complete weeks, immediate 0/2 complete weeks"
pytest-dev/pytest,release,8.0.2,2024-02-24,pypi.downloads,,,,,,,,,,False,INSUFFICIENT,True,0,0,0,"another event falls within this event's analysis window; insufficient data: baseline 0/2 complete weeks, immediate 0/2 complete weeks"
pytest-dev/pytest,release,8.1.0,2024-03-03,pypi.downloads,,,,,,,,,,False,INSUFFICIENT,True,0,0,0,"another event falls within this event's analysis window; insufficient data: baseline 0/2 complete weeks, immediate 0/2 complete weeks"
pytest-dev/pytest,release,8.1.1,2024-03-09,pypi.downloads,,,,,,,,,,False,INSUFFICIENT,True,0,0,0,"another event falls within this event's analysis window; insufficient data: baseline 0/2 complete weeks, immediate 0/2 complete weeks"
pytest-dev/pytest,release,8.1.2,2024-04-26,pypi.downloads,,,,,,,,,,False,INSUFFICIENT,True,0,0,0,"another event falls within this event's analysis window; insufficient data: baseline 0/2 complete weeks, immediate 0/2 complete weeks"
pytest-dev/pytest,release,8.2.0,2024-04-27,pypi.downloads,,,,,,,,,,False,INSUFFICIENT,True,0,0,0,"another event falls within this event's analysis window; insufficient data: baseline 0/2 complete weeks, immediate 0/2 complete weeks"
pytest-dev/pytest,release,8.2.1,2024-05-19,pypi.downloads,,,,,,,,,,False,INSUFFICIENT,True,0,0,0,"another event falls within this event's analysis window; insufficient data: baseline 0/2 complete weeks, immediate 0/2 complete weeks"
pytest-dev/pytest,release,8.2.2,2024-06-04,pypi.downloads,,,,,,,,,,False,INSUFFICIENT,False,0,0,0,"insufficient data: baseline 0/2 complete weeks, immediate 0/2 complete weeks"
pytest-dev/pytest,release,8.3.0,2024-07-20,pypi.downloads,,,,,,,,,,False,INSUFFICIENT,True,0,0,0,"another event falls within this event's analysis window; insufficient data: baseline 0/2 complete weeks, immediate 0/2 complete weeks"
pytest-dev/pytest,release,8.3.1,2024-07-20,pypi.downloads,,,,,,,,,,False,INSUFFICIENT,True,0,0,0,"another event falls within this event's analysis window; insufficient data: baseline 0/2 complete weeks, immediate 0/2 complete weeks"
pytest-dev/pytest,release,8.3.2,2024-07-25,pypi.downloads,,,,,,,,,,False,INSUFFICIENT,True,0,0,0,"another event falls within this event's analysis window; insufficient data: baseline 0/2 complete weeks, immediate 0/2 complete weeks"
pytest-dev/pytest,release,8.3.3,2024-09-10,pypi.downloads,,,,,,,,,,False,INSUFFICIENT,False,0,0,0,"insufficient data: baseline 0/2 complete weeks, immediate 0/2 complete weeks"
pytest-dev/pytest,release,8.3.4,2024-12-01,pypi.downloads,,,,,,,,,,False,INSUFFICIENT,False,0,0,0,"insufficient data: baseline 0/2 complete weeks, immediate 0/2 complete weeks"
pytest-dev/pytest,release,8.3.5,2025-03-02,pypi.downloads,,,,,,,,,,False,INSUFFICIENT,False,0,0,0,"insufficient data: baseline 0/2 complete weeks, immediate 0/2 complete weeks"
pytest-dev/pytest,release,8.4.0,2025-06-02,pypi.downloads,,,,,,,,,,False,INSUFFICIENT,True,0,0,0,"another event falls within this event's analysis window; insufficient data: baseline 0/2 complete weeks, immediate 0/2 complete weeks"
pytest-dev/pytest,release,8.4.1,2025-06-18,pypi.downloads,,,,,,,,,,False,INSUFFICIENT,False,0,0,0,"insufficient data: baseline 0/2 complete weeks, immediate 0/2 complete weeks"
pytest-dev/pytest,release,8.4.2,2025-09-04,pypi.downloads,,,,,,,,,,False,INSUFFICIENT,False,0,0,0,"insufficient data: baseline 0/2 complete weeks, immediate 0/2 complete weeks"
pytest-dev/pytest,release,9.0.0,2025-11-08,pypi.downloads,,,,,,,,,,False,INSUFFICIENT,True,0,0,0,"another event falls within this event's analysis window; insufficient data: baseline 0/2 complete weeks, immediate 0/2 complete weeks"
pytest-dev/pytest,release,9.0.1,2025-11-12,pypi.downloads,,,,,,,,,,False,INSUFFICIENT,True,0,0,0,"another event falls within this event's analysis window; insufficient data: baseline 0/2 complete weeks, immediate 0/2 complete weeks"
pytest-dev/pytest,release,9.0.2,2025-12-06,pypi.downloads,,,,,,,,,,False,INSUFFICIENT,False,0,0,0,"insufficient data: baseline 0/2 complete weeks, immediate 0/2 complete weeks"
pytest-dev/pytest,release,9.0.3,2026-04-07,pypi.downloads,19608495.42857143,22215268.285714287,24784294.42857143,-0.016665205674473382,15249684.308064533,10609379.85270383,0.4567690607185963,1.3360738113505364,3.06376373760888,False,SUSTAINED,False,14,14,28,
pytest-dev/pytest,release,9.1.0,2026-06-13,pypi.downloads,32104909.07142857,34467387.0,33724866.071428575,0.02393200090482339,44375974.62537012,75689710.55362782,-0.22328721135750107,-0.554432619377851,-2.84916956065658,False,FLAT,True,14,14,28,another event falls within this event's analysis window
pytest-dev/pytest,release,9.1.1,2026-06-19,pypi.downloads,33770176.71428572,33702582.71428572,34825508.14285714,0.014418640897434498,40853580.758567646,56258214.675803944,-0.1750396883578498,-0.38097025752516067,-3.7683646149445322,False,FLAT,True,14,14,28,another event falls within this event's analysis window
python-pillow/Pillow,release,3.0.0,2015-10-06,pypi.downloads,,,,,,,,,,False,INSUFFICIENT,False,0,0,0,"insufficient data: baseline 0/2 complete weeks, immediate 0/2 complete weeks"
python-pillow/Pillow,release,3.1.0,2016-01-04,pypi.downloads,,,,,,,,,,False,INSUFFICIENT,False,0,0,0,"insufficient data: baseline 0/2 complete weeks, immediate 0/2 complete weeks"
python-pillow/Pillow,release,3.2.0,2016-06-21,pypi.downloads,,,,,,,,,,False,INSUFFICIENT,True,0,0,0,"another event falls within this event's analysis window; insufficient data: baseline 0/2 complete weeks, immediate 0/2 complete weeks"
python-pillow/Pillow,release,3.3.0,2016-07-01,pypi.downloads,,,,,,,,,,False,INSUFFICIENT,True,0,0,0,"another event falls within this event's analysis window; insufficient data: baseline 0/2 complete weeks, immediate 0/2 complete weeks"
python-pillow/Pillow,release,3.3.1,2016-10-03,pypi.downloads,,,,,,,,,,False,INSUFFICIENT,True,0,0,0,"another event falls within this event's analysis window; insufficient data: baseline 0/2 complete weeks, immediate 0/2 complete weeks"
python-pillow/Pillow,release,3.3.2,2016-10-03,pypi.downloads,,,,,,,,,,False,INSUFFICIENT,True,0,0,0,"another event falls within this event's analysis window; insufficient data: baseline 0/2 complete weeks, immediate 0/2 complete weeks"
python-pillow/Pillow,release,3.4.0,2016-10-03,pypi.downloads,,,,,,,,,,False,INSUFFICIENT,True,0,0,0,"another event falls within this event's analysis window; insufficient data: baseline 0/2 complete weeks, immediate 0/2 complete weeks"
python-pillow/Pillow,release,3.3.3,2016-10-04,pypi.downloads,,,,,,,,,,False,INSUFFICIENT,True,0,0,0,"another event falls within this event's analysis window; insufficient data: baseline 0/2 complete weeks, immediate 0/2 complete weeks"
python-pillow/Pillow,release,3.4.1,2016-10-04,pypi.downloads,,,,,,,,,,False,INSUFFICIENT,True,0,0,0,"another event falls within this event's analysis window; insufficient data: baseline 0/2 complete weeks, immediate 0/2 complete weeks"
python-pillow/Pillow,release,3.4.2,2016-10-18,pypi.downloads,,,,,,,,,,False,INSUFFICIENT,True,0,0,0,"another event falls within this event's analysis window; insufficient data: baseline 0/2 complete weeks, immediate 0/2 complete weeks"
python-pillow/Pillow,release,4.0.0a,2017-01-01,pypi.downloads,,,,,,,,,,False,INSUFFICIENT,False,0,0,0,"insufficient data: baseline 0/2 complete weeks, immediate 0/2 complete weeks"
python-pillow/Pillow,release,4.1.0,2017-04-19,pypi.downloads,,,,,,,,,,False,INSUFFICIENT,True,0,0,0,"another event falls within this event's analysis window; insufficient data: baseline 0/2 complete weeks, immediate 0/2 complete weeks"
python-pillow/Pillow,release,4.1.1,2017-04-28,pypi.downloads,,,,,,,,,,False,INSUFFICIENT,True,0,0,0,"another event falls within this event's analysis window; insufficient data: baseline 0/2 complete weeks, immediate 0/2 complete weeks"
python-pillow/Pillow,release,4.2.0,2017-07-01,pypi.downloads,,,,,,,,,,False,INSUFFICIENT,True,0,0,0,"another event falls within this event's analysis window; insufficient data: baseline 0/2 complete weeks, immediate 0/2 complete weeks"
python-pillow/Pillow,release,4.2.1,2017-07-06,pypi.downloads,,,,,,,,,,False,INSUFFICIENT,True,0,0,0,"another event falls within this event's analysis window; insufficient data: baseline 0/2 complete weeks, immediate 0/2 complete weeks"
python-pillow/Pillow,release,4.3.0,2017-10-09,pypi.downloads,,,,,,,,,,False,INSUFFICIENT,False,0,0,0,"insufficient data: baseline 0/2 complete weeks, immediate 0/2 complete weeks"
python-pillow/Pillow,release,5.0.0,2018-01-02,pypi.downloads,,,,,,,,,,False,INSUFFICIENT,False,0,0,0,"insufficient data: baseline 0/2 complete weeks, immediate 0/2 complete weeks"
python-pillow/Pillow,release,5.1.0,2018-04-02,pypi.downloads,,,,,,,,,,False,INSUFFICIENT,False,0,0,0,"insufficient data: baseline 0/2 complete weeks, immediate 0/2 complete weeks"
python-pillow/Pillow,release,5.2.0,2018-07-18,pypi.downloads,,,,,,,,,,False,INSUFFICIENT,False,0,0,0,"insufficient data: baseline 0/2 complete weeks, immediate 0/2 complete weeks"
python-pillow/Pillow,release,5.3.0,2018-10-01,pypi.downloads,,,,,,,,,,False,INSUFFICIENT,False,0,0,0,"insufficient data: baseline 0/2 complete weeks, immediate 0/2 complete weeks"
python-pillow/Pillow,release,5.4.0,2019-01-01,pypi.downloads,,,,,,,,,,False,INSUFFICIENT,True,0,0,0,"another event falls within this event's analysis window; insufficient data: baseline 0/2 complete weeks, immediate 0/2 complete weeks"
python-pillow/Pillow,release,5.4.1,2019-01-06,pypi.downloads,,,,,,,,,,False,INSUFFICIENT,True,0,0,0,"another event falls within this event's analysis window; insufficient data: baseline 0/2 complete weeks, immediate 0/2 complete weeks"
python-pillow/Pillow,release,6.0.0,2019-04-02,pypi.downloads,,,,,,,,,,False,INSUFFICIENT,False,0,0,0,"insufficient data: baseline 0/2 complete weeks, immediate 0/2 complete weeks"
python-pillow/Pillow,release,6.1.0,2019-07-03,pypi.downloads,,,,,,,,,,False,INSUFFICIENT,False,0,0,0,"insufficient data: baseline 0/2 complete weeks, immediate 0/2 complete weeks"
python-pillow/Pillow,release,6.2.0,2019-10-01,pypi.downloads,,,,,,,,,,False,INSUFFICIENT,True,0,0,0,"another event falls within this event's analysis window; insufficient data: baseline 0/2 complete weeks, immediate 0/2 complete weeks"
python-pillow/Pillow,release,6.2.1,2019-10-21,pypi.downloads,,,,,,,,,,False,INSUFFICIENT,False,0,0,0,"insufficient data: baseline 0/2 complete weeks, immediate 0/2 complete weeks"
python-pillow/Pillow,release,6.2.2,2020-01-02,pypi.downloads,,,,,,,,,,False,INSUFFICIENT,False,0,0,0,"insufficient data: baseline 0/2 complete weeks, immediate 0/2 complete weeks"
python-pillow/Pillow,release,7.0.0,2020-01-02,pypi.downloads,,,,,,,,,,False,INSUFFICIENT,False,0,0,0,"insufficient data: baseline 0/2 complete weeks, immediate 0/2 complete weeks"
python-pillow/Pillow,release,7.1.0,2020-04-01,pypi.downloads,,,,,,,,,,False,INSUFFICIENT,True,0,0,0,"another event falls within this event's analysis window; insufficient data: baseline 0/2 complete weeks, immediate 0/2 complete weeks"
python-pillow/Pillow,release,7.1.1,2020-04-02,pypi.downloads,,,,,,,,,,False,INSUFFICIENT,True,0,0,0,"another event falls within this event's analysis window; insufficient data: baseline 0/2 complete weeks, immediate 0/2 complete weeks"
python-pillow/Pillow,release,7.1.2,2020-04-25,pypi.downloads,,,,,,,,,,False,INSUFFICIENT,False,0,0,0,"insufficient data: baseline 0/2 complete weeks, immediate 0/2 complete weeks"
python-pillow/Pillow,release,7.2.0,2020-06-30,pypi.downloads,,,,,,,,,,False,INSUFFICIENT,False,0,0,0,"insufficient data: baseline 0/2 complete weeks, immediate 0/2 complete weeks"
python-pillow/Pillow,release,8.0.0,2020-10-14,pypi.downloads,,,,,,,,,,False,INSUFFICIENT,True,0,0,0,"another event falls within this event's analysis window; insufficient data: baseline 0/2 complete weeks, immediate 0/2 complete weeks"
python-pillow/Pillow,release,8.0.1,2020-10-22,pypi.downloads,,,,,,,,,,False,INSUFFICIENT,True,0,0,0,"another event falls within this event's analysis window; insufficient data: baseline 0/2 complete weeks, immediate 0/2 complete weeks"
python-pillow/Pillow,release,8.1.0,2021-01-02,pypi.downloads,,,,,,,,,,False,INSUFFICIENT,False,0,0,0,"insufficient data: baseline 0/2 complete weeks, immediate 0/2 complete weeks"
python-pillow/Pillow,release,8.1.1,2021-03-01,pypi.downloads,,,,,,,,,,False,INSUFFICIENT,True,0,0,0,"another event falls within this event's analysis window; insufficient data: baseline 0/2 complete weeks, immediate 0/2 complete weeks"
python-pillow/Pillow,release,8.1.2,2021-03-06,pypi.downloads,,,,,,,,,,False,INSUFFICIENT,True,0,0,0,"another event falls within this event's analysis window; insufficient data: baseline 0/2 complete weeks, immediate 0/2 complete weeks"
python-pillow/Pillow,release,8.2.0,2021-04-01,pypi.downloads,,,,,,,,,,False,INSUFFICIENT,False,0,0,0,"insufficient data: baseline 0/2 complete weeks, immediate 0/2 complete weeks"
python-pillow/Pillow,release,8.3.0,2021-07-01,pypi.downloads,,,,,,,,,,False,INSUFFICIENT,True,0,0,0,"another event falls within this event's analysis window; insufficient data: baseline 0/2 complete weeks, immediate 0/2 complete weeks"
python-pillow/Pillow,release,8.3.1,2021-07-07,pypi.downloads,,,,,,,,,,False,INSUFFICIENT,True,0,0,0,"another event falls within this event's analysis window; insufficient data: baseline 0/2 complete weeks, immediate 0/2 complete weeks"
python-pillow/Pillow,release,8.3.2,2021-09-02,pypi.downloads,,,,,,,,,,False,INSUFFICIENT,False,0,0,0,"insufficient data: baseline 0/2 complete weeks, immediate 0/2 complete weeks"
python-pillow/Pillow,release,8.4.0,2021-10-15,pypi.downloads,,,,,,,,,,False,INSUFFICIENT,False,0,0,0,"insufficient data: baseline 0/2 complete weeks, immediate 0/2 complete weeks"
python-pillow/Pillow,release,9.0.0,2022-01-02,pypi.downloads,,,,,,,,,,False,INSUFFICIENT,True,0,0,0,"another event falls within this event's analysis window; insufficient data: baseline 0/2 complete weeks, immediate 0/2 complete weeks"
python-pillow/Pillow,release,9.0.1,2022-02-03,pypi.downloads,,,,,,,,,,False,INSUFFICIENT,False,0,0,0,"insufficient data: baseline 0/2 complete weeks, immediate 0/2 complete weeks"
python-pillow/Pillow,release,9.1.0,2022-04-01,pypi.downloads,,,,,,,,,,False,INSUFFICIENT,False,0,0,0,"insufficient data: baseline 0/2 complete weeks, immediate 0/2 complete weeks"
python-pillow/Pillow,release,9.1.1,2022-05-17,pypi.downloads,,,,,,,,,,False,INSUFFICIENT,False,0,0,0,"insufficient data: baseline 0/2 complete weeks, immediate 0/2 complete weeks"
python-pillow/Pillow,release,9.2.0,2022-07-01,pypi.downloads,,,,,,,,,,False,INSUFFICIENT,False,0,0,0,"insufficient data: baseline 0/2 complete weeks, immediate 0/2 complete weeks"
python-pillow/Pillow,release,9.3.0,2022-10-29,pypi.downloads,,,,,,,,,,False,INSUFFICIENT,False,0,0,0,"insufficient data: baseline 0/2 complete weeks, immediate 0/2 complete weeks"
python-pillow/Pillow,release,9.4.0,2023-01-02,pypi.downloads,,,,,,,,,,False,INSUFFICIENT,False,0,0,0,"insufficient data: baseline 0/2 complete weeks, immediate 0/2 complete weeks"
python-pillow/Pillow,release,9.5.0,2023-04-01,pypi.downloads,,,,,,,,,,False,INSUFFICIENT,False,0,0,0,"insufficient data: baseline 0/2 complete weeks, immediate 0/2 complete weeks"
python-pillow/Pillow,release,10.0.0,2023-07-01,pypi.downloads,,,,,,,,,,False,INSUFFICIENT,False,0,0,0,"insufficient data: baseline 0/2 complete weeks, immediate 0/2 complete weeks"
python-pillow/Pillow,release,10.0.1,2023-09-15,pypi.downloads,,,,,,,,,,False,INSUFFICIENT,True,0,0,0,"another event falls within this event's analysis window; insufficient data: baseline 0/2 complete weeks, immediate 0/2 complete weeks"
python-pillow/Pillow,release,10.1.0,2023-10-15,pypi.downloads,,,,,,,,,,False,INSUFFICIENT,False,0,0,0,"insufficient data: baseline 0/2 complete weeks, immediate 0/2 complete weeks"
python-pillow/Pillow,release,10.2.0,2024-01-02,pypi.downloads,,,,,,,,,,False,INSUFFICIENT,False,0,0,0,"insufficient data: baseline 0/2 complete weeks, immediate 0/2 complete weeks"
python-pillow/Pillow,release,10.3.0,2024-04-01,pypi.downloads,,,,,,,,,,False,INSUFFICIENT,False,0,0,0,"insufficient data: baseline 0/2 complete weeks, immediate 0/2 complete weeks"
python-pillow/Pillow,release,10.4.0,2024-07-01,pypi.downloads,,,,,,,,,,False,INSUFFICIENT,False,0,0,0,"insufficient data: baseline 0/2 complete weeks, immediate 0/2 complete weeks"
python-pillow/Pillow,release,11.0.0,2024-10-15,pypi.downloads,,,,,,,,,,False,INSUFFICIENT,False,0,0,0,"insufficient data: baseline 0/2 complete weeks, immediate 0/2 complete weeks"
python-pillow/Pillow,release,11.1.0,2025-01-02,pypi.downloads,,,,,,,,,,False,INSUFFICIENT,False,0,0,0,"insufficient data: baseline 0/2 complete weeks, immediate 0/2 complete weeks"
python-pillow/Pillow,release,11.2.1,2025-04-12,pypi.downloads,,,,,,,,,,False,INSUFFICIENT,False,0,0,0,"insufficient data: baseline 0/2 complete weeks, immediate 0/2 complete weeks"
python-pillow/Pillow,release,11.3.0,2025-07-01,pypi.downloads,,,,,,,,,,False,INSUFFICIENT,False,0,0,0,"insufficient data: baseline 0/2 complete weeks, immediate 0/2 complete weeks"
python-pillow/Pillow,release,12.0.0,2025-10-15,pypi.downloads,,,,,,,,,,False,INSUFFICIENT,False,0,0,0,"insufficient data: baseline 0/2 complete weeks, immediate 0/2 complete weeks"
python-pillow/Pillow,release,12.1.0,2026-01-02,pypi.downloads,,,,,,,,,,False,INSUFFICIENT,True,0,0,0,"another event falls within this event's analysis window; insufficient data: baseline 0/2 complete weeks, immediate 0/2 complete weeks"
python-pillow/Pillow,release,12.1.1,2026-02-11,pypi.downloads,,,12027741.57142857,,,,,,,False,INSUFFICIENT,False,0,0,21,"insufficient data: baseline 0/2 complete weeks, immediate 0/2 complete weeks"
python-pillow/Pillow,release,12.2.0,2026-04-01,pypi.downloads,12384369.57142857,13652556.07142857,15128765.32142857,-0.0011715460017491797,11966101.23134065,11661843.803559873,0.14093603317268397,0.29728759673580873,1.4448943651624668,False,FLAT,False,14,14,28,
python-pillow/Pillow,release,12.3.0,2026-07-01,pypi.downloads,16441144.0,16907337.14285714,18348642.535714287,0.0035266423683193437,17049413.748157207,18427959.92119994,-0.008333225259163034,-0.004304186997628768,-0.09404627469089684,False,FLAT,False,14,14,28,
sqlalchemy/sqlalchemy,release,rel_1_1_0,2019-09-02,pypi.downloads,,,,,,,,,,False,INSUFFICIENT,True,0,0,0,"another event falls within this event's analysis window; insufficient data: baseline 0/2 complete weeks, immediate 0/2 complete weeks"
sqlalchemy/sqlalchemy,release,rel_1_1_0b1,2019-09-02,pypi.downloads,,,,,,,,,,False,INSUFFICIENT,True,0,0,0,"another event falls within this event's analysis window; insufficient data: baseline 0/2 complete weeks, immediate 0/2 complete weeks"
sqlalchemy/sqlalchemy,release,rel_1_1_0b2,2019-09-02,pypi.downloads,,,,,,,,,,False,INSUFFICIENT,True,0,0,0,"another event falls within this event's analysis window; insufficient data: baseline 0/2 complete weeks, immediate 0/2 complete weeks"
sqlalchemy/sqlalchemy,release,rel_1_1_0b3,2019-09-02,pypi.downloads,,,,,,,,,,False,INSUFFICIENT,True,0,0,0,"another event falls within this event's analysis window; insufficient data: baseline 0/2 complete weeks, immediate 0/2 complete weeks"
sqlalchemy/sqlalchemy,release,rel_1_1_1,2019-09-02,pypi.downloads,,,,,,,,,,False,INSUFFICIENT,True,0,0,0,"another event falls within this event's analysis window; insufficient data: baseline 0/2 complete weeks, immediate 0/2 complete weeks"
sqlalchemy/sqlalchemy,release,rel_1_1_10,2019-09-02,pypi.downloads,,,,,,,,,,False,INSUFFICIENT,True,0,0,0,"another event falls within this event's analysis window; insufficient data: baseline 0/2 complete weeks, immediate 0/2 complete weeks"
sqlalchemy/sqlalchemy,release,rel_1_1_11,2019-09-02,pypi.downloads,,,,,,,,,,False,INSUFFICIENT,True,0,0,0,"another event falls within this event's analysis window; insufficient data: baseline 0/2 complete weeks, immediate 0/2 complete weeks"
sqlalchemy/sqlalchemy,release,rel_1_1_12,2019-09-02,pypi.downloads,,,,,,,,,,False,INSUFFICIENT,True,0,0,0,"another event falls within this event's analysis window; insufficient data: baseline 0/2 complete weeks, immediate 0/2 complete weeks"
sqlalchemy/sqlalchemy,release,rel_1_1_13,2019-09-02,pypi.downloads,,,,,,,,,,False,INSUFFICIENT,True,0,0,0,"another event falls within this event's analysis window; insufficient data: baseline 0/2 complete weeks, immediate 0/2 complete weeks"
sqlalchemy/sqlalchemy,release,rel_1_1_14,2019-09-02,pypi.downloads,,,,,,,,,,False,INSUFFICIENT,True,0,0,0,"another event falls within this event's analysis window; insufficient data: baseline 0/2 complete weeks, immediate 0/2 complete weeks"
sqlalchemy/sqlalchemy,release,rel_1_1_15,2019-09-02,pypi.downloads,,,,,,,,,,False,INSUFFICIENT,True,0,0,0,"another event falls within this event's analysis window; insufficient data: baseline 0/2 complete weeks, immediate 0/2 complete weeks"
sqlalchemy/sqlalchemy,release,rel_1_1_16,2019-09-02,pypi.downloads,,,,,,,,,,False,INSUFFICIENT,True,0,0,0,"another event falls within this event's analysis window; insufficient data: baseline 0/2 complete weeks, immediate 0/2 complete weeks"
sqlalchemy/sqlalchemy,release,rel_1_1_17,2019-09-02,pypi.downloads,,,,,,,,,,False,INSUFFICIENT,True,0,0,0,"another event falls within this event's analysis window; insufficient data: baseline 0/2 complete weeks, immediate 0/2 complete weeks"
sqlalchemy/sqlalchemy,release,rel_1_1_18,2019-09-02,pypi.downloads,,,,,,,,,,False,INSUFFICIENT,True,0,0,0,"another event falls within this event's analysis window; insufficient data: baseline 0/2 complete weeks, immediate 0/2 complete weeks"
sqlalchemy/sqlalchemy,release,rel_1_1_2,2019-09-02,pypi.downloads,,,,,,,,,,False,INSUFFICIENT,True,0,0,0,"another event falls within this event's analysis window; insufficient data: baseline 0/2 complete weeks, immediate 0/2 complete weeks"
sqlalchemy/sqlalchemy,release,rel_1_1_3,2019-09-02,pypi.downloads,,,,,,,,,,False,INSUFFICIENT,True,0,0,0,"another event falls within this event's analysis window; insufficient data: baseline 0/2 complete weeks, immediate 0/2 complete weeks"
sqlalchemy/sqlalchemy,release,rel_1_1_4,2019-09-02,pypi.downloads,,,,,,,,,,False,INSUFFICIENT,True,0,0,0,"another event falls within this event's analysis window; insufficient data: baseline 0/2 complete weeks, immediate 0/2 complete weeks"
sqlalchemy/sqlalchemy,release,rel_1_1_5,2019-09-02,pypi.downloads,,,,,,,,,,False,INSUFFICIENT,True,0,0,0,"another event falls within this event's analysis window; insufficient data: baseline 0/2 complete weeks, immediate 0/2 complete weeks"
sqlalchemy/sqlalchemy,release,rel_1_1_6,2019-09-02,pypi.downloads,,,,,,,,,,False,INSUFFICIENT,True,0,0,0,"another event falls within this event's analysis window; insufficient data: baseline 0/2 complete weeks, immediate 0/2 complete weeks"
sqlalchemy/sqlalchemy,release,rel_1_1_7,2019-09-02,pypi.downloads,,,,,,,,,,False,INSUFFICIENT,True,0,0,0,"another event falls within this event's analysis window; insufficient data: baseline 0/2 complete weeks, immediate 0/2 complete weeks"
sqlalchemy/sqlalchemy,release,rel_1_1_8,2019-09-02,pypi.downloads,,,,,,,,,,False,INSUFFICIENT,True,0,0,0,"another event falls within this event's analysis window; insufficient data: baseline 0/2 complete weeks, immediate 0/2 complete weeks"
sqlalchemy/sqlalchemy,release,rel_1_1_9,2019-09-02,pypi.downloads,,,,,,,,,,False,INSUFFICIENT,True,0,0,0,"another event falls within this event's analysis window; insufficient data: baseline 0/2 complete weeks, immediate 0/2 complete weeks"
sqlalchemy/sqlalchemy,release,rel_1_2_0,2019-09-02,pypi.downloads,,,,,,,,,,False,INSUFFICIENT,True,0,0,0,"another event falls within this event's analysis window; insufficient data: baseline 0/2 complete weeks, immediate 0/2 complete weeks"
sqlalchemy/sqlalchemy,release,rel_1_2_0b1,2019-09-02,pypi.downloads,,,,,,,,,,False,INSUFFICIENT,True,0,0,0,"another event falls within this event's analysis window; insufficient data: baseline 0/2 complete weeks, immediate 0/2 complete weeks"
sqlalchemy/sqlalchemy,release,rel_1_2_0b2,2019-09-02,pypi.downloads,,,,,,,,,,False,INSUFFICIENT,True,0,0,0,"another event falls within this event's analysis window; insufficient data: baseline 0/2 complete weeks, immediate 0/2 complete weeks"
sqlalchemy/sqlalchemy,release,rel_1_2_1,2019-09-02,pypi.downloads,,,,,,,,,,False,INSUFFICIENT,True,0,0,0,"another event falls within this event's analysis window; insufficient data: baseline 0/2 complete weeks, immediate 0/2 complete weeks"
sqlalchemy/sqlalchemy,release,rel_1_2_10,2019-09-02,pypi.downloads,,,,,,,,,,False,INSUFFICIENT,True,0,0,0,"another event falls within this event's analysis window; insufficient data: baseline 0/2 complete weeks, immediate 0/2 complete weeks"
sqlalchemy/sqlalchemy,release,rel_1_2_11,2019-09-02,pypi.downloads,,,,,,,,,,False,INSUFFICIENT,True,0,0,0,"another event falls within this event's analysis window; insufficient data: baseline 0/2 complete weeks, immediate 0/2 complete weeks"
sqlalchemy/sqlalchemy,release,rel_1_2_12,2019-09-02,pypi.downloads,,,,,,,,,,False,INSUFFICIENT,True,0,0,0,"another event falls within this event's analysis window; insufficient data: baseline 0/2 complete weeks, immediate 0/2 complete weeks"
sqlalchemy/sqlalchemy,release,rel_1_2_13,2019-09-02,pypi.downloads,,,,,,,,,,False,INSUFFICIENT,True,0,0,0,"another event falls within this event's analysis window; insufficient data: baseline 0/2 complete weeks, immediate 0/2 complete weeks"
sqlalchemy/sqlalchemy,release,rel_1_2_14,2019-09-02,pypi.downloads,,,,,,,,,,False,INSUFFICIENT,True,0,0,0,"another event falls within this event's analysis window; insufficient data: baseline 0/2 complete weeks, immediate 0/2 complete weeks"
sqlalchemy/sqlalchemy,release,rel_1_2_15,2019-09-02,pypi.downloads,,,,,,,,,,False,INSUFFICIENT,True,0,0,0,"another event falls within this event's analysis window; insufficient data: baseline 0/2 complete weeks, immediate 0/2 complete weeks"
sqlalchemy/sqlalchemy,release,rel_1_2_16,2019-09-02,pypi.downloads,,,,,,,,,,False,INSUFFICIENT,True,0,0,0,"another event falls within this event's analysis window; insufficient data: baseline 0/2 complete weeks, immediate 0/2 complete weeks"
sqlalchemy/sqlalchemy,release,rel_1_2_17,2019-09-02,pypi.downloads,,,,,,,,,,False,INSUFFICIENT,True,0,0,0,"another event falls within this event's analysis window; insufficient data: baseline 0/2 complete weeks, immediate 0/2 complete weeks"
sqlalchemy/sqlalchemy,release,rel_1_2_18,2019-09-02,pypi.downloads,,,,,,,,,,False,INSUFFICIENT,True,0,0,0,"another event falls within this event's analysis window; insufficient data: baseline 0/2 complete weeks, immediate 0/2 complete weeks"
sqlalchemy/sqlalchemy,release,rel_1_2_19,2019-09-02,pypi.downloads,,,,,,,,,,False,INSUFFICIENT,True,0,0,0,"another event falls within this event's analysis window; insufficient data: baseline 0/2 complete weeks, immediate 0/2 complete weeks"
sqlalchemy/sqlalchemy,release,rel_1_2_2,2019-09-02,pypi.downloads,,,,,,,,,,False,INSUFFICIENT,True,0,0,0,"another event falls within this event's analysis window; insufficient data: baseline 0/2 complete weeks, immediate 0/2 complete weeks"
sqlalchemy/sqlalchemy,release,rel_1_2_3,2019-09-02,pypi.downloads,,,,,,,,,,False,INSUFFICIENT,True,0,0,0,"another event falls within this event's analysis window; insufficient data: baseline 0/2 complete weeks, immediate 0/2 complete weeks"
sqlalchemy/sqlalchemy,release,rel_1_2_4,2019-09-02,pypi.downloads,,,,,,,,,,False,INSUFFICIENT,True,0,0,0,"another event falls within this event's analysis window; insufficient data: baseline 0/2 complete weeks, immediate 0/2 complete weeks"
sqlalchemy/sqlalchemy,release,rel_1_2_5,2019-09-02,pypi.downloads,,,,,,,,,,False,INSUFFICIENT,True,0,0,0,"another event falls within this event's analysis window; insufficient data: baseline 0/2 complete weeks, immediate 0/2 complete weeks"
sqlalchemy/sqlalchemy,release,rel_1_2_6,2019-09-02,pypi.downloads,,,,,,,,,,False,INSUFFICIENT,True,0,0,0,"another event falls within this event's analysis window; insufficient data: baseline 0/2 complete weeks, immediate 0/2 complete weeks"
sqlalchemy/sqlalchemy,release,rel_1_2_7,2019-09-02,pypi.downloads,,,,,,,,,,False,INSUFFICIENT,True,0,0,0,"another event falls within this event's analysis window; insufficient data: baseline 0/2 complete weeks, immediate 0/2 complete weeks"
sqlalchemy/sqlalchemy,release,rel_1_2_8,2019-09-02,pypi.downloads,,,,,,,,,,False,INSUFFICIENT,True,0,0,0,"another event falls within this event's analysis window; insufficient data: baseline 0/2 complete weeks, immediate 0/2 complete weeks"
sqlalchemy/sqlalchemy,release,rel_1_2_9,2019-09-02,pypi.downloads,,,,,,,,,,False,INSUFFICIENT,True,0,0,0,"another event falls within this event's analysis window; insufficient data: baseline 0/2 complete weeks, immediate 0/2 complete weeks"
sqlalchemy/sqlalchemy,release,rel_1_3_0,2019-09-02,pypi.downloads,,,,,,,,,,False,INSUFFICIENT,True,0,0,0,"another event falls within this event's analysis window; insufficient data: baseline 0/2 complete weeks, immediate 0/2 complete weeks"
sqlalchemy/sqlalchemy,release,rel_1_3_0b1,2019-09-02,pypi.downloads,,,,,,,,,,False,INSUFFICIENT,True,0,0,0,"another event falls within this event's analysis window; insufficient data: baseline 0/2 complete weeks, immediate 0/2 complete weeks"
sqlalchemy/sqlalchemy,release,rel_1_3_0b2,2019-09-02,pypi.downloads,,,,,,,,,,False,INSUFFICIENT,True,0,0,0,"another event falls within this event's analysis window; insufficient data: baseline 0/2 complete weeks, immediate 0/2 complete weeks"
sqlalchemy/sqlalchemy,release,rel_1_3_0b3,2019-09-02,pypi.downloads,,,,,,,,,,False,INSUFFICIENT,True,0,0,0,"another event falls within this event's analysis window; insufficient data: baseline 0/2 complete weeks, immediate 0/2 complete weeks"
sqlalchemy/sqlalchemy,release,rel_1_3_1,2019-09-02,pypi.downloads,,,,,,,,,,False,INSUFFICIENT,True,0,0,0,"another event falls within this event's analysis window; insufficient data: baseline 0/2 complete weeks, immediate 0/2 complete weeks"
sqlalchemy/sqlalchemy,release,rel_1_3_2,2019-09-02,pypi.downloads,,,,,,,,,,False,INSUFFICIENT,True,0,0,0,"another event falls within this event's analysis window; insufficient data: baseline 0/2 complete weeks, immediate 0/2 complete weeks"
sqlalchemy/sqlalchemy,release,rel_1_3_3,2019-09-02,pypi.downloads,,,,,,,,,,False,INSUFFICIENT,True,0,0,0,"another event falls within this event's analysis window; insufficient data: baseline 0/2 complete weeks, immediate 0/2 complete weeks"
sqlalchemy/sqlalchemy,release,rel_1_3_4,2019-09-02,pypi.downloads,,,,,,,,,,False,INSUFFICIENT,True,0,0,0,"another event falls within this event's analysis window; insufficient data: baseline 0/2 complete weeks, immediate 0/2 complete weeks"
sqlalchemy/sqlalchemy,release,rel_1_3_5,2019-09-02,pypi.downloads,,,,,,,,,,False,INSUFFICIENT,True,0,0,0,"another event falls within this event's analysis window; insufficient data: baseline 0/2 complete weeks, immediate 0/2 complete weeks"
sqlalchemy/sqlalchemy,release,rel_1_3_6,2019-09-02,pypi.downloads,,,,,,,,,,False,INSUFFICIENT,True,0,0,0,"another event falls within this event's analysis window; insufficient data: baseline 0/2 complete weeks, immediate 0/2 complete weeks"
sqlalchemy/sqlalchemy,release,rel_1_3_7,2019-09-02,pypi.downloads,,,,,,,,,,False,INSUFFICIENT,True,0,0,0,"another event falls within this event's analysis window; insufficient data: baseline 0/2 complete weeks, immediate 0/2 complete weeks"
sqlalchemy/sqlalchemy,release,rel_1_3_8,2019-09-02,pypi.downloads,,,,,,,,,,False,INSUFFICIENT,True,0,0,0,"another event falls within this event's analysis window; insufficient data: baseline 0/2 complete weeks, immediate 0/2 complete weeks"
sqlalchemy/sqlalchemy,release,rel_1_3_9,2019-10-04,pypi.downloads,,,,,,,,,,False,INSUFFICIENT,True,0,0,0,"another event falls within this event's analysis window; insufficient data: baseline 0/2 complete weeks, immediate 0/2 complete weeks"
sqlalchemy/sqlalchemy,release,rel_1_3_10,2019-10-10,pypi.downloads,,,,,,,,,,False,INSUFFICIENT,True,0,0,0,"another event falls within this event's analysis window; insufficient data: baseline 0/2 complete weeks, immediate 0/2 complete weeks"
sqlalchemy/sqlalchemy,release,rel_1_3_11,2019-11-12,pypi.downloads,,,,,,,,,,False,INSUFFICIENT,True,0,0,0,"another event falls within this event's analysis window; insufficient data: baseline 0/2 complete weeks, immediate 0/2 complete weeks"
sqlalchemy/sqlalchemy,release,rel_1_3_12,2019-12-16,pypi.downloads,,,,,,,,,,False,INSUFFICIENT,True,0,0,0,"another event falls within this event's analysis window; insufficient data: baseline 0/2 complete weeks, immediate 0/2 complete weeks"
sqlalchemy/sqlalchemy,release,rel_1_3_13,2020-01-22,pypi.downloads,,,,,,,,,,False,INSUFFICIENT,False,0,0,0,"insufficient data: baseline 0/2 complete weeks, immediate 0/2 complete weeks"
sqlalchemy/sqlalchemy,release,rel_1_3_14,2020-03-10,pypi.downloads,,,,,,,,,,False,INSUFFICIENT,True,0,0,0,"another event falls within this event's analysis window; insufficient data: baseline 0/2 complete weeks, immediate 0/2 complete weeks"
sqlalchemy/sqlalchemy,release,rel_1_3_15,2020-03-11,pypi.downloads,,,,,,,,,,False,INSUFFICIENT,True,0,0,0,"another event falls within this event's analysis window; insufficient data: baseline 0/2 complete weeks, immediate 0/2 complete weeks"
sqlalchemy/sqlalchemy,release,rel_1_3_16,2020-04-08,pypi.downloads,,,,,,,,,,False,INSUFFICIENT,True,0,0,0,"another event falls within this event's analysis window; insufficient data: baseline 0/2 complete weeks, immediate 0/2 complete weeks"
sqlalchemy/sqlalchemy,release,rel_1_3_17,2020-05-13,pypi.downloads,,,,,,,,,,False,INSUFFICIENT,False,0,0,0,"insufficient data: baseline 0/2 complete weeks, immediate 0/2 complete weeks"
sqlalchemy/sqlalchemy,release,rel_1_3_18,2020-06-25,pypi.downloads,,,,,,,,,,False,INSUFFICIENT,False,0,0,0,"insufficient data: baseline 0/2 complete weeks, immediate 0/2 complete weeks"
sqlalchemy/sqlalchemy,release,rel_1_3_19,2020-08-17,pypi.downloads,,,,,,,,,,False,INSUFFICIENT,False,0,0,0,"insufficient data: baseline 0/2 complete weeks, immediate 0/2 complete weeks"
sqlalchemy/sqlalchemy,release,rel_1_3_20,2020-10-12,pypi.downloads,,,,,,,,,,False,INSUFFICIENT,True,0,0,0,"another event falls within this event's analysis window; insufficient data: baseline 0/2 complete weeks, immediate 0/2 complete weeks"
sqlalchemy/sqlalchemy,release,rel_1_4_0b1,2020-11-02,pypi.downloads,,,,,,,,,,False,INSUFFICIENT,False,0,0,0,"insufficient data: baseline 0/2 complete weeks, immediate 0/2 complete weeks"
sqlalchemy/sqlalchemy,release,rel_1_3_21,2020-12-17,pypi.downloads,,,,,,,,,,False,INSUFFICIENT,True,0,0,0,"another event falls within this event's analysis window; insufficient data: baseline 0/2 complete weeks, immediate 0/2 complete weeks"
sqlalchemy/sqlalchemy,release,rel_1_3_22,2020-12-18,pypi.downloads,,,,,,,,,,False,INSUFFICIENT,True,0,0,0,"another event falls within this event's analysis window; insufficient data: baseline 0/2 complete weeks, immediate 0/2 complete weeks"
sqlalchemy/sqlalchemy,release,rel_1_3_23,2021-02-01,pypi.downloads,,,,,,,,,,False,INSUFFICIENT,True,0,0,0,"another event falls within this event's analysis window; insufficient data: baseline 0/2 complete weeks, immediate 0/2 complete weeks"
sqlalchemy/sqlalchemy,release,rel_1_4_0b2,2021-02-03,pypi.downloads,,,,,,,,,,False,INSUFFICIENT,True,0,0,0,"another event falls within this event's analysis window; insufficient data: baseline 0/2 complete weeks, immediate 0/2 complete weeks"
sqlalchemy/sqlalchemy,release,rel_1_4_0b3,2021-02-15,pypi.downloads,,,,,,,,,,False,INSUFFICIENT,True,0,0,0,"another event falls within this event's analysis window; insufficient data: baseline 0/2 complete weeks, immediate 0/2 complete weeks"
sqlalchemy/sqlalchemy,release,rel_1_4_0,2021-03-15,pypi.downloads,,,,,,,,,,False,INSUFFICIENT,True,0,0,0,"another event falls within this event's analysis window; insufficient data: baseline 0/2 complete weeks, immediate 0/2 complete weeks"
sqlalchemy/sqlalchemy,release,rel_1_4_1,2021-03-17,pypi.downloads,,,,,,,,,,False,INSUFFICIENT,True,0,0,0,"another event falls within this event's analysis window; insufficient data: baseline 0/2 complete weeks, immediate 0/2 complete weeks"
sqlalchemy/sqlalchemy,release,rel_1_4_2,2021-03-19,pypi.downloads,,,,,,,,,,False,INSUFFICIENT,True,0,0,0,"another event falls within this event's analysis window; insufficient data: baseline 0/2 complete weeks, immediate 0/2 complete weeks"
sqlalchemy/sqlalchemy,release,rel_1_4_3,2021-03-25,pypi.downloads,,,,,,,,,,False,INSUFFICIENT,True,0,0,0,"another event falls within this event's analysis window; insufficient data: baseline 0/2 complete weeks, immediate 0/2 complete weeks"
sqlalchemy/sqlalchemy,release,rel_1_3_24,2021-03-30,pypi.downloads,,,,,,,,,,False,INSUFFICIENT,True,0,0,0,"another event falls within this event's analysis window; insufficient data: baseline 0/2 complete weeks, immediate 0/2 complete weeks"
sqlalchemy/sqlalchemy,release,rel_1_4_4,2021-03-31,pypi.downloads,,,,,,,,,,False,INSUFFICIENT,True,0,0,0,"another event falls within this event's analysis window; insufficient data: baseline 0/2 complete weeks, immediate 0/2 complete weeks"
sqlalchemy/sqlalchemy,release,rel_1_4_5,2021-04-02,pypi.downloads,,,,,,,,,,False,INSUFFICIENT,True,0,0,0,"another event falls within this event's analysis window; insufficient data: baseline 0/2 complete weeks, immediate 0/2 complete weeks"
sqlalchemy/sqlalchemy,release,rel_1_4_6,2021-04-06,pypi.downloads,,,,,,,,,,False,INSUFFICIENT,True,0,0,0,"another event falls within this event's analysis window; insufficient data: baseline 0/2 complete weeks, immediate 0/2 complete weeks"
sqlalchemy/sqlalchemy,release,rel_1_4_7,2021-04-09,pypi.downloads,,,,,,,,,,False,INSUFFICIENT,True,0,0,0,"another event falls within this event's analysis window; insufficient data: baseline 0/2 complete weeks, immediate 0/2 complete weeks"
sqlalchemy/sqlalchemy,release,rel_1_4_8,2021-04-15,pypi.downloads,,,,,,,,,,False,INSUFFICIENT,True,0,0,0,"another event falls within this event's analysis window; insufficient data: baseline 0/2 complete weeks, immediate 0/2 complete weeks"
sqlalchemy/sqlalchemy,release,rel_1_4_9,2021-04-17,pypi.downloads,,,,,,,,,,False,INSUFFICIENT,True,0,0,0,"another event falls within this event's analysis window; insufficient data: baseline 0/2 complete weeks, immediate 0/2 complete weeks"
sqlalchemy/sqlalchemy,release,rel_1_4_10,2021-04-21,pypi.downloads,,,,,,,,,,False,INSUFFICIENT,True,0,0,0,"another event falls within this event's analysis window; insufficient data: baseline 0/2 complete weeks, immediate 0/2 complete weeks"
sqlalchemy/sqlalchemy,release,rel_1_4_11,2021-04-22,pypi.downloads,,,,,,,,,,False,INSUFFICIENT,True,0,0,0,"another event falls within this event's analysis window; insufficient data: baseline 0/2 complete weeks, immediate 0/2 complete weeks"
sqlalchemy/sqlalchemy,release,rel_1_4_12,2021-04-29,pypi.downloads,,,,,,,,,,False,INSUFFICIENT,True,0,0,0,"another event falls within this event's analysis window; insufficient data: baseline 0/2 complete weeks, immediate 0/2 complete weeks"
sqlalchemy/sqlalchemy,release,rel_1_4_13,2021-05-03,pypi.downloads,,,,,,,,,,False,INSUFFICIENT,True,0,0,0,"another event falls within this event's analysis window; insufficient data: baseline 0/2 complete weeks, immediate 0/2 complete weeks"
sqlalchemy/sqlalchemy,release,rel_1_4_14,2021-05-06,pypi.downloads,,,,,,,,,,False,INSUFFICIENT,True,0,0,0,"another event falls within this event's analysis window; insufficient data: baseline 0/2 complete weeks, immediate 0/2 complete weeks"
sqlalchemy/sqlalchemy,release,rel_1_4_15,2021-05-11,pypi.downloads,,,,,,,,,,False,INSUFFICIENT,True,0,0,0,"another event falls within this event's analysis window; insufficient data: baseline 0/2 complete weeks, immediate 0/2 complete weeks"
sqlalchemy/sqlalchemy,release,rel_1_4_16,2021-05-28,pypi.downloads,,,,,,,,,,False,INSUFFICIENT,True,0,0,0,"another event falls within this event's analysis window; insufficient data: baseline 0/2 complete weeks, immediate 0/2 complete weeks"
sqlalchemy/sqlalchemy,release,rel_1_4_17,2021-05-29,pypi.downloads,,,,,,,,,,False,INSUFFICIENT,True,0,0,0,"another event falls within this event's analysis window; insufficient data: baseline 0/2 complete weeks, immediate 0/2 complete weeks"
sqlalchemy/sqlalchemy,release,rel_1_4_18,2021-06-10,pypi.downloads,,,,,,,,,,False,INSUFFICIENT,True,0,0,0,"another event falls within this event's analysis window; insufficient data: baseline 0/2 complete weeks, immediate 0/2 complete weeks"
sqlalchemy/sqlalchemy,release,rel_1_4_19,2021-06-23,pypi.downloads,,,,,,,,,,False,INSUFFICIENT,True,0,0,0,"another event falls within this event's analysis window; insufficient data: baseline 0/2 complete weeks, immediate 0/2 complete weeks"
sqlalchemy/sqlalchemy,release,rel_1_4_20,2021-06-28,pypi.downloads,,,,,,,,,,False,INSUFFICIENT,True,0,0,0,"another event falls within this event's analysis window; insufficient data: baseline 0/2 complete weeks, immediate 0/2 complete weeks"
sqlalchemy/sqlalchemy,release,rel_1_4_21,2021-07-14,pypi.downloads,,,,,,,,,,False,INSUFFICIENT,True,0,0,0,"another event falls within this event's analysis window; insufficient data: baseline 0/2 complete weeks, immediate 0/2 complete weeks"
sqlalchemy/sqlalchemy,release,rel_1_4_22,2021-07-22,pypi.downloads,,,,,,,,,,False,INSUFFICIENT,True,0,0,0,"another event falls within this event's analysis window; insufficient data: baseline 0/2 complete weeks, immediate 0/2 complete weeks"
sqlalchemy/sqlalchemy,release,rel_1_4_23,2021-08-18,pypi.downloads,,,,,,,,,,False,INSUFFICIENT,True,0,0,0,"another event falls within this event's analysis window; insufficient data: baseline 0/2 complete weeks, immediate 0/2 complete weeks"
sqlalchemy/sqlalchemy,release,rel_1_4_24,2021-09-22,pypi.downloads,,,,,,,,,,False,INSUFFICIENT,True,0,0,0,"another event falls within this event's analysis window; insufficient data: baseline 0/2 complete weeks, immediate 0/2 complete weeks"
sqlalchemy/sqlalchemy,release,rel_1_4_25,2021-09-23,pypi.downloads,,,,,,,,,,False,INSUFFICIENT,True,0,0,0,"another event falls within this event's analysis window; insufficient data: baseline 0/2 complete weeks, immediate 0/2 complete weeks"
sqlalchemy/sqlalchemy,release,rel_1_4_26,2021-10-19,pypi.downloads,,,,,,,,,,False,INSUFFICIENT,True,0,0,0,"another event falls within this event's analysis window; insufficient data: baseline 0/2 complete weeks, immediate 0/2 complete weeks"
sqlalchemy/sqlalchemy,release,rel_1_4_27,2021-11-11,pypi.downloads,,,,,,,,,,False,INSUFFICIENT,True,0,0,0,"another event falls within this event's analysis window; insufficient data: baseline 0/2 complete weeks, immediate 0/2 complete weeks"
sqlalchemy/sqlalchemy,release,rel_1_4_28,2021-12-09,pypi.downloads,,,,,,,,,,False,INSUFFICIENT,True,0,0,0,"another event falls within this event's analysis window; insufficient data: baseline 0/2 complete weeks, immediate 0/2 complete weeks"
sqlalchemy/sqlalchemy,release,rel_1_4_29,2021-12-23,pypi.downloads,,,,,,,,,,False,INSUFFICIENT,True,0,0,0,"another event falls within this event's analysis window; insufficient data: baseline 0/2 complete weeks, immediate 0/2 complete weeks"
sqlalchemy/sqlalchemy,release,rel_1_4_30,2022-01-19,pypi.downloads,,,,,,,,,,False,INSUFFICIENT,True,0,0,0,"another event falls within this event's analysis window; insufficient data: baseline 0/2 complete weeks, immediate 0/2 complete weeks"
sqlalchemy/sqlalchemy,release,rel_1_4_31,2022-01-21,pypi.downloads,,,,,,,,,,False,INSUFFICIENT,True,0,0,0,"another event falls within this event's analysis window; insufficient data: baseline 0/2 complete weeks, immediate 0/2 complete weeks"
sqlalchemy/sqlalchemy,release,rel_1_4_32,2022-03-06,pypi.downloads,,,,,,,,,,False,INSUFFICIENT,True,0,0,0,"another event falls within this event's analysis window; insufficient data: baseline 0/2 complete weeks, immediate 0/2 complete weeks"
sqlalchemy/sqlalchemy,release,rel_1_4_33,2022-03-31,pypi.downloads,,,,,,,,,,False,INSUFFICIENT,True,0,0,0,"another event falls within this event's analysis window; insufficient data: baseline 0/2 complete weeks, immediate 0/2 complete weeks"
sqlalchemy/sqlalchemy,release,rel_1_4_34,2022-03-31,pypi.downloads,,,,,,,,,,False,INSUFFICIENT,True,0,0,0,"another event falls within this event's analysis window; insufficient data: baseline 0/2 complete weeks, immediate 0/2 complete weeks"
sqlalchemy/sqlalchemy,release,rel_1_4_35,2022-04-06,pypi.downloads,,,,,,,,,,False,INSUFFICIENT,True,0,0,0,"another event falls within this event's analysis window; insufficient data: baseline 0/2 complete weeks, immediate 0/2 complete weeks"
sqlalchemy/sqlalchemy,release,rel_1_4_36,2022-04-26,pypi.downloads,,,,,,,,,,False,INSUFFICIENT,True,0,0,0,"another event falls within this event's analysis window; insufficient data: baseline 0/2 complete weeks, immediate 0/2 complete weeks"
sqlalchemy/sqlalchemy,release,rel_1_4_37,2022-05-31,pypi.downloads,,,,,,,,,,False,INSUFFICIENT,True,0,0,0,"another event falls within this event's analysis window; insufficient data: baseline 0/2 complete weeks, immediate 0/2 complete weeks"
sqlalchemy/sqlalchemy,release,rel_1_4_38,2022-06-23,pypi.downloads,,,,,,,,,,False,INSUFFICIENT,True,0,0,0,"another event falls within this event's analysis window; insufficient data: baseline 0/2 complete weeks, immediate 0/2 complete weeks"
sqlalchemy/sqlalchemy,release,rel_1_4_39,2022-06-24,pypi.downloads,,,,,,,,,,False,INSUFFICIENT,True,0,0,0,"another event falls within this event's analysis window; insufficient data: baseline 0/2 complete weeks, immediate 0/2 complete weeks"
sqlalchemy/sqlalchemy,release,rel_1_4_40,2022-08-08,pypi.downloads,,,,,,,,,,False,INSUFFICIENT,True,0,0,0,"another event falls within this event's analysis window; insufficient data: baseline 0/2 complete weeks, immediate 0/2 complete weeks"
sqlalchemy/sqlalchemy,release,rel_1_4_41,2022-09-07,pypi.downloads,,,,,,,,,,False,INSUFFICIENT,True,0,0,0,"another event falls within this event's analysis window; insufficient data: baseline 0/2 complete weeks, immediate 0/2 complete weeks"
sqlalchemy/sqlalchemy,release,rel_2_0_0b1,2022-10-13,pypi.downloads,,,,,,,,,,False,INSUFFICIENT,True,0,0,0,"another event falls within this event's analysis window; insufficient data: baseline 0/2 complete weeks, immediate 0/2 complete weeks"
sqlalchemy/sqlalchemy,release,rel_1_4_42,2022-10-16,pypi.downloads,,,,,,,,,,False,INSUFFICIENT,True,0,0,0,"another event falls within this event's analysis window; insufficient data: baseline 0/2 complete weeks, immediate 0/2 complete weeks"
sqlalchemy/sqlalchemy,release,rel_2_0_0b2,2022-10-20,pypi.downloads,,,,,,,,,,False,INSUFFICIENT,True,0,0,0,"another event falls within this event's analysis window; insufficient data: baseline 0/2 complete weeks, immediate 0/2 complete weeks"
sqlalchemy/sqlalchemy,release,rel_1_4_43,2022-11-04,pypi.downloads,,,,,,,,,,False,INSUFFICIENT,True,0,0,0,"another event falls within this event's analysis window; insufficient data: baseline 0/2 complete weeks, immediate 0/2 complete weeks"
sqlalchemy/sqlalchemy,release,rel_2_0_0b3,2022-11-04,pypi.downloads,,,,,,,,,,False,INSUFFICIENT,True,0,0,0,"another event falls within this event's analysis window; insufficient data: baseline 0/2 complete weeks, immediate 0/2 complete weeks"
sqlalchemy/sqlalchemy,release,rel_1_4_44,2022-11-12,pypi.downloads,,,,,,,,,,False,INSUFFICIENT,True,0,0,0,"another event falls within this event's analysis window; insufficient data: baseline 0/2 complete weeks, immediate 0/2 complete weeks"
sqlalchemy/sqlalchemy,release,rel_2_0_0b4,2022-12-05,pypi.downloads,,,,,,,,,,False,INSUFFICIENT,True,0,0,0,"another event falls within this event's analysis window; insufficient data: baseline 0/2 complete weeks, immediate 0/2 complete weeks"
sqlalchemy/sqlalchemy,release,rel_1_4_45,2022-12-10,pypi.downloads,,,,,,,,,,False,INSUFFICIENT,True,0,0,0,"another event falls within this event's analysis window; insufficient data: baseline 0/2 complete weeks, immediate 0/2 complete weeks"
sqlalchemy/sqlalchemy,release,rel_2_0_0rc1,2022-12-28,pypi.downloads,,,,,,,,,,False,INSUFFICIENT,True,0,0,0,"another event falls within this event's analysis window; insufficient data: baseline 0/2 complete weeks, immediate 0/2 complete weeks"
sqlalchemy/sqlalchemy,release,rel_1_4_46,2023-01-03,pypi.downloads,,,,,,,,,,False,INSUFFICIENT,True,0,0,0,"another event falls within this event's analysis window; insufficient data: baseline 0/2 complete weeks, immediate 0/2 complete weeks"
sqlalchemy/sqlalchemy,release,rel_2_0_0rc2,2023-01-09,pypi.downloads,,,,,,,,,,False,INSUFFICIENT,True,0,0,0,"another event falls within this event's analysis window; insufficient data: baseline 0/2 complete weeks, immediate 0/2 complete weeks"
sqlalchemy/sqlalchemy,release,rel_2_0_0rc3,2023-01-19,pypi.downloads,,,,,,,,,,False,INSUFFICIENT,True,0,0,0,"another event falls within this event's analysis window; insufficient data: baseline 0/2 complete weeks, immediate 0/2 complete weeks"
sqlalchemy/sqlalchemy,release,rel_2_0_0,2023-01-26,pypi.downloads,,,,,,,,,,False,INSUFFICIENT,True,0,0,0,"another event falls within this event's analysis window; insufficient data: baseline 0/2 complete weeks, immediate 0/2 complete weeks"
sqlalchemy/sqlalchemy,release,rel_2_0_1,2023-02-01,pypi.downloads,,,,,,,,,,False,INSUFFICIENT,True,0,0,0,"another event falls within this event's analysis window; insufficient data: baseline 0/2 complete weeks, immediate 0/2 complete weeks"
sqlalchemy/sqlalchemy,release,rel_2_0_2,2023-02-07,pypi.downloads,,,,,,,,,,False,INSUFFICIENT,True,0,0,0,"another event falls within this event's analysis window; insufficient data: baseline 0/2 complete weeks, immediate 0/2 complete weeks"
sqlalchemy/sqlalchemy,release,rel_2_0_3,2023-02-10,pypi.downloads,,,,,,,,,,False,INSUFFICIENT,True,0,0,0,"another event falls within this event's analysis window; insufficient data: baseline 0/2 complete weeks, immediate 0/2 complete weeks"
sqlalchemy/sqlalchemy,release,rel_2_0_4,2023-02-17,pypi.downloads,,,,,,,,,,False,INSUFFICIENT,True,0,0,0,"another event falls within this event's analysis window; insufficient data: baseline 0/2 complete weeks, immediate 0/2 complete weeks"
sqlalchemy/sqlalchemy,release,rel_2_0_5_post1,2023-03-06,pypi.downloads,,,,,,,,,,False,INSUFFICIENT,True,0,0,0,"another event falls within this event's analysis window; insufficient data: baseline 0/2 complete weeks, immediate 0/2 complete weeks"
sqlalchemy/sqlalchemy,release,rel_2_0_6,2023-03-13,pypi.downloads,,,,,,,,,,False,INSUFFICIENT,True,0,0,0,"another event falls within this event's analysis window; insufficient data: baseline 0/2 complete weeks, immediate 0/2 complete weeks"
sqlalchemy/sqlalchemy,release,rel_1_4_47,2023-03-18,pypi.downloads,,,,,,,,,,False,INSUFFICIENT,True,0,0,0,"another event falls within this event's analysis window; insufficient data: baseline 0/2 complete weeks, immediate 0/2 complete weeks"
sqlalchemy/sqlalchemy,release,rel_2_0_7,2023-03-18,pypi.downloads,,,,,,,,,,False,INSUFFICIENT,True,0,0,0,"another event falls within this event's analysis window; insufficient data: baseline 0/2 complete weeks, immediate 0/2 complete weeks"
sqlalchemy/sqlalchemy,release,rel_2_0_8,2023-03-31,pypi.downloads,,,,,,,,,,False,INSUFFICIENT,True,0,0,0,"another event falls within this event's analysis window; insufficient data: baseline 0/2 complete weeks, immediate 0/2 complete weeks"
sqlalchemy/sqlalchemy,release,rel_2_0_9,2023-04-05,pypi.downloads,,,,,,,,,,False,INSUFFICIENT,True,0,0,0,"another event falls within this event's analysis window; insufficient data: baseline 0/2 complete weeks, immediate 0/2 complete weeks"
sqlalchemy/sqlalchemy,release,rel_2_0_10,2023-04-21,pypi.downloads,,,,,,,,,,False,INSUFFICIENT,True,0,0,0,"another event falls within this event's analysis window; insufficient data: baseline 0/2 complete weeks, immediate 0/2 complete weeks"
sqlalchemy/sqlalchemy,release,rel_2_0_11,2023-04-27,pypi.downloads,,,,,,,,,,False,INSUFFICIENT,True,0,0,0,"another event falls within this event's analysis window; insufficient data: baseline 0/2 complete weeks, immediate 0/2 complete weeks"
sqlalchemy/sqlalchemy,release,rel_1_4_48,2023-04-30,pypi.downloads,,,,,,,,,,False,INSUFFICIENT,True,0,0,0,"another event falls within this event's analysis window; insufficient data: baseline 0/2 complete weeks, immediate 0/2 complete weeks"
sqlalchemy/sqlalchemy,release,rel_2_0_12,2023-04-30,pypi.downloads,,,,,,,,,,False,INSUFFICIENT,True,0,0,0,"another event falls within this event's analysis window; insufficient data: baseline 0/2 complete weeks, immediate 0/2 complete weeks"
sqlalchemy/sqlalchemy,release,rel_2_0_13,2023-05-10,pypi.downloads,,,,,,,,,,False,INSUFFICIENT,True,0,0,0,"another event falls within this event's analysis window; insufficient data: baseline 0/2 complete weeks, immediate 0/2 complete weeks"
sqlalchemy/sqlalchemy,release,rel_2_0_14,2023-05-18,pypi.downloads,,,,,,,,,,False,INSUFFICIENT,True,0,0,0,"another event falls within this event's analysis window; insufficient data: baseline 0/2 complete weeks, immediate 0/2 complete weeks"
sqlalchemy/sqlalchemy,release,rel_2_0_15,2023-05-20,pypi.downloads,,,,,,,,,,False,INSUFFICIENT,True,0,0,0,"another event falls within this event's analysis window; insufficient data: baseline 0/2 complete weeks, immediate 0/2 complete weeks"
sqlalchemy/sqlalchemy,release,rel_2_0_16,2023-06-10,pypi.downloads,,,,,,,,,,False,INSUFFICIENT,True,0,0,0,"another event falls within this event's analysis window; insufficient data: baseline 0/2 complete weeks, immediate 0/2 complete weeks"
sqlalchemy/sqlalchemy,release,rel_2_0_17,2023-06-23,pypi.downloads,,,,,,,,,,False,INSUFFICIENT,True,0,0,0,"another event falls within this event's analysis window; insufficient data: baseline 0/2 complete weeks, immediate 0/2 complete weeks"
sqlalchemy/sqlalchemy,release,rel_1_4_49,2023-07-05,pypi.downloads,,,,,,,,,,False,INSUFFICIENT,True,0,0,0,"another event falls within this event's analysis window; insufficient data: baseline 0/2 complete weeks, immediate 0/2 complete weeks"
sqlalchemy/sqlalchemy,release,rel_2_0_18,2023-07-05,pypi.downloads,,,,,,,,,,False,INSUFFICIENT,True,0,0,0,"another event falls within this event's analysis window; insufficient data: baseline 0/2 complete weeks, immediate 0/2 complete weeks"
sqlalchemy/sqlalchemy,release,rel_2_0_19,2023-07-15,pypi.downloads,,,,,,,,,,False,INSUFFICIENT,True,0,0,0,"another event falls within this event's analysis window; insufficient data: baseline 0/2 complete weeks, immediate 0/2 complete weeks"
sqlalchemy/sqlalchemy,release,rel_2_0_20,2023-08-15,pypi.downloads,,,,,,,,,,False,INSUFFICIENT,True,0,0,0,"another event falls within this event's analysis window; insufficient data: baseline 0/2 complete weeks, immediate 0/2 complete weeks"
sqlalchemy/sqlalchemy,release,rel_2_0_21,2023-09-18,pypi.downloads,,,,,,,,,,False,INSUFFICIENT,True,0,0,0,"another event falls within this event's analysis window; insufficient data: baseline 0/2 complete weeks, immediate 0/2 complete weeks"
sqlalchemy/sqlalchemy,release,rel_2_0_22,2023-10-12,pypi.downloads,,,,,,,,,,False,INSUFFICIENT,True,0,0,0,"another event falls within this event's analysis window; insufficient data: baseline 0/2 complete weeks, immediate 0/2 complete weeks"
sqlalchemy/sqlalchemy,release,rel_1_4_50,2023-10-29,pypi.downloads,,,,,,,,,,False,INSUFFICIENT,True,0,0,0,"another event falls within this event's analysis window; insufficient data: baseline 0/2 complete weeks, immediate 0/2 complete weeks"
sqlalchemy/sqlalchemy,release,rel_2_0_23,2023-11-02,pypi.downloads,,,,,,,,,,False,INSUFFICIENT,True,0,0,0,"another event falls within this event's analysis window; insufficient data: baseline 0/2 complete weeks, immediate 0/2 complete weeks"
sqlalchemy/sqlalchemy,release,rel_2_0_24,2023-12-28,pypi.downloads,,,,,,,,,,False,INSUFFICIENT,True,0,0,0,"another event falls within this event's analysis window; insufficient data: baseline 0/2 complete weeks, immediate 0/2 complete weeks"
sqlalchemy/sqlalchemy,release,rel_1_4_51,2024-01-03,pypi.downloads,,,,,,,,,,False,INSUFFICIENT,True,0,0,0,"another event falls within this event's analysis window; insufficient data: baseline 0/2 complete weeks, immediate 0/2 complete weeks"
sqlalchemy/sqlalchemy,release,rel_2_0_25,2024-01-03,pypi.downloads,,,,,,,,,,False,INSUFFICIENT,True,0,0,0,"another event falls within this event's analysis window; insufficient data: baseline 0/2 complete weeks, immediate 0/2 complete weeks"
sqlalchemy/sqlalchemy,release,rel_2_0_26,2024-02-11,pypi.downloads,,,,,,,,,,False,INSUFFICIENT,True,0,0,0,"another event falls within this event's analysis window; insufficient data: baseline 0/2 complete weeks, immediate 0/2 complete weeks"
sqlalchemy/sqlalchemy,release,rel_2_0_27,2024-02-13,pypi.downloads,,,,,,,,,,False,INSUFFICIENT,True,0,0,0,"another event falls within this event's analysis window; insufficient data: baseline 0/2 complete weeks, immediate 0/2 complete weeks"
sqlalchemy/sqlalchemy,release,rel_1_4_52,2024-03-04,pypi.downloads,,,,,,,,,,False,INSUFFICIENT,True,0,0,0,"another event falls within this event's analysis window; insufficient data: baseline 0/2 complete weeks, immediate 0/2 complete weeks"
sqlalchemy/sqlalchemy,release,rel_2_0_28,2024-03-04,pypi.downloads,,,,,,,,,,False,INSUFFICIENT,True,0,0,0,"another event falls within this event's analysis window; insufficient data: baseline 0/2 complete weeks, immediate 0/2 complete weeks"
sqlalchemy/sqlalchemy,release,rel_2_0_29,2024-03-23,pypi.downloads,,,,,,,,,,False,INSUFFICIENT,False,0,0,0,"insufficient data: baseline 0/2 complete weeks, immediate 0/2 complete weeks"
sqlalchemy/sqlalchemy,release,rel_2_0_30,2024-05-05,pypi.downloads,,,,,,,,,,False,INSUFFICIENT,False,0,0,0,"insufficient data: baseline 0/2 complete weeks, immediate 0/2 complete weeks"
sqlalchemy/sqlalchemy,release,rel_2_0_31,2024-06-18,pypi.downloads,,,,,,,,,,False,INSUFFICIENT,True,0,0,0,"another event falls within this event's analysis window; insufficient data: baseline 0/2 complete weeks, immediate 0/2 complete weeks"
sqlalchemy/sqlalchemy,release,rel_1_4_53,2024-07-29,pypi.downloads,,,,,,,,,,False,INSUFFICIENT,True,0,0,0,"another event falls within this event's analysis window; insufficient data: baseline 0/2 complete weeks, immediate 0/2 complete weeks"
sqlalchemy/sqlalchemy,release,rel_2_0_32,2024-08-05,pypi.downloads,,,,,,,,,,False,INSUFFICIENT,True,0,0,0,"another event falls within this event's analysis window; insufficient data: baseline 0/2 complete weeks, immediate 0/2 complete weeks"
sqlalchemy/sqlalchemy,release,rel_2_0_33,2024-09-03,pypi.downloads,,,,,,,,,,False,INSUFFICIENT,True,0,0,0,"another event falls within this event's analysis window; insufficient data: baseline 0/2 complete weeks, immediate 0/2 complete weeks"
sqlalchemy/sqlalchemy,release,rel_2_0_34,2024-09-04,pypi.downloads,,,,,,,,,,False,INSUFFICIENT,True,0,0,0,"another event falls within this event's analysis window; insufficient data: baseline 0/2 complete weeks, immediate 0/2 complete weeks"
sqlalchemy/sqlalchemy,release,rel_1_4_54,2024-09-05,pypi.downloads,,,,,,,,,,False,INSUFFICIENT,True,0,0,0,"another event falls within this event's analysis window; insufficient data: baseline 0/2 complete weeks, immediate 0/2 complete weeks"
sqlalchemy/sqlalchemy,release,rel_2_0_35,2024-09-16,pypi.downloads,,,,,,,,,,False,INSUFFICIENT,True,0,0,0,"another event falls within this event's analysis window; insufficient data: baseline 0/2 complete weeks, immediate 0/2 complete weeks"
sqlalchemy/sqlalchemy,release,rel_2_0_36,2024-10-15,pypi.downloads,,,,,,,,,,False,INSUFFICIENT,False,0,0,0,"insufficient data: baseline 0/2 complete weeks, immediate 0/2 complete weeks"
sqlalchemy/sqlalchemy,release,rel_2_0_37,2025-01-09,pypi.downloads,,,,,,,,,,False,INSUFFICIENT,True,0,0,0,"another event falls within this event's analysis window; insufficient data: baseline 0/2 complete weeks, immediate 0/2 complete weeks"
sqlalchemy/sqlalchemy,release,rel_2_0_38,2025-02-06,pypi.downloads,,,,,,,,,,False,INSUFFICIENT,True,0,0,0,"another event falls within this event's analysis window; insufficient data: baseline 0/2 complete weeks, immediate 0/2 complete weeks"
sqlalchemy/sqlalchemy,release,rel_2_0_39,2025-03-11,pypi.downloads,,,,,,,,,,False,INSUFFICIENT,True,0,0,0,"another event falls within this event's analysis window; insufficient data: baseline 0/2 complete weeks, immediate 0/2 complete weeks"
sqlalchemy/sqlalchemy,release,rel_2_0_40,2025-03-27,pypi.downloads,,,,,,,,,,False,INSUFFICIENT,False,0,0,0,"insufficient data: baseline 0/2 complete weeks, immediate 0/2 complete weeks"
sqlalchemy/sqlalchemy,release,rel_2_0_41,2025-05-14,pypi.downloads,,,,,,,,,,False,INSUFFICIENT,False,0,0,0,"insufficient data: baseline 0/2 complete weeks, immediate 0/2 complete weeks"
sqlalchemy/sqlalchemy,release,rel_2_0_42,2025-07-29,pypi.downloads,,,,,,,,,,False,INSUFFICIENT,True,0,0,0,"another event falls within this event's analysis window; insufficient data: baseline 0/2 complete weeks, immediate 0/2 complete weeks"
sqlalchemy/sqlalchemy,release,rel_2_0_43,2025-08-11,pypi.downloads,,,,,,,,,,False,INSUFFICIENT,True,0,0,0,"another event falls within this event's analysis window; insufficient data: baseline 0/2 complete weeks, immediate 0/2 complete weeks"
sqlalchemy/sqlalchemy,release,rel_2_0_44,2025-10-10,pypi.downloads,,,,,,,,,,False,INSUFFICIENT,False,0,0,0,"insufficient data: baseline 0/2 complete weeks, immediate 0/2 complete weeks"
sqlalchemy/sqlalchemy,release,rel_2_0_45,2025-12-09,pypi.downloads,,,,,,,,,,False,INSUFFICIENT,False,0,0,0,"insufficient data: baseline 0/2 complete weeks, immediate 0/2 complete weeks"
sqlalchemy/sqlalchemy,release,rel_2_0_46,2026-01-21,pypi.downloads,,,,,,,,,,False,INSUFFICIENT,True,0,0,0,"another event falls within this event's analysis window; insufficient data: baseline 0/2 complete weeks, immediate 0/2 complete weeks"
sqlalchemy/sqlalchemy,release,rel_2_1_0b1,2026-01-21,pypi.downloads,,,,,,,,,,False,INSUFFICIENT,True,0,0,0,"another event falls within this event's analysis window; insufficient data: baseline 0/2 complete weeks, immediate 0/2 complete weeks"
sqlalchemy/sqlalchemy,release,rel_2_0_47,2026-02-24,pypi.downloads,,10785456.857142856,11326387.214285715,,,,,,,False,INSUFFICIENT,True,0,7,28,"another event falls within this event's analysis window; insufficient data: baseline 0/2 complete weeks, immediate 1/2 complete weeks"
sqlalchemy/sqlalchemy,release,rel_2_0_48,2026-03-02,pypi.downloads,,11131553.142857144,11300597.92857143,,,,,,,False,INSUFFICIENT,True,0,14,28,"another event falls within this event's analysis window; insufficient data: baseline 0/2 complete weeks, immediate 2/2 complete weeks"
sqlalchemy/sqlalchemy,release,rel_2_0_49,2026-04-03,pypi.downloads,11269263.857142856,11403829.285714285,11853968.642857144,0.013863506183382723,13395272.67715765,18218569.159323502,-0.14866762621706703,-0.3493468922178898,-1.6853082780426774,False,FLAT,True,14,14,28,another event falls within this event's analysis window
sqlalchemy/sqlalchemy,release,rel_2_1_0b2,2026-04-16,pypi.downloads,11357895.714285715,11788891.142857144,12276984.07142857,0.012330805684391821,13196986.168074846,17344623.326792907,-0.10669822695003348,-0.2921734972206723,-0.8944382587080745,False,FLAT,True,14,14,28,another event falls within this event's analysis window
sqlalchemy/sqlalchemy,release,rel_2_0_50,2026-05-24,pypi.downloads,12642954.0,12758320.785714285,13398609.857142856,0.006809350597002828,13577621.82508643,15781665.370160835,-0.06034201349299467,-0.1510015234212061,-0.7232026263610373,False,FLAT,True,14,14,28,another event falls within this event's analysis window
sqlalchemy/sqlalchemy,release,rel_2_0_51,2026-06-15,pypi.downloads,13456673.214285715,13464378.857142856,13396631.607142856,-0.016811261501472385,10402863.269138666,7214660.582466995,0.29429547508199416,0.8568623504893955,1.0198019305764954,False,FLAT,True,14,14,28,another event falls within this event's analysis window
sqlalchemy/sqlalchemy,release,rel_2_1_0b3,2026-06-27,pypi.downloads,13525457.142857144,12990579.07142857,13872137.25,0.01552558166438911,16465870.744968275,23243654.631076586,-0.21106030330049208,-0.40318605356263293,-1.1133315570883733,False,FLAT,True,14,14,28,another event falls within this event's analysis window
sqlalchemy/sqlalchemy,release,rel_2_0_52,2026-08-11,pypi.downloads,14164257.142857144,14612503.57142857,,-0.011215504827998823,11911615.754232483,,0.2267440348079057,,1.098833169025566,False,INSUFFICIENT,False,14,14,0,sustained window has only 0/4 complete weeks of data; cannot judge persistence
urllib3/urllib3,release,1.25,2019-04-22,pypi.downloads,,,,,,,,,,False,INSUFFICIENT,True,0,0,0,"another event falls within this event's analysis window; insufficient data: baseline 0/2 complete weeks, immediate 0/2 complete weeks"
urllib3/urllib3,release,1.25.1,2019-04-24,pypi.downloads,,,,,,,,,,False,INSUFFICIENT,True,0,0,0,"another event falls within this event's analysis window; insufficient data: baseline 0/2 complete weeks, immediate 0/2 complete weeks"
urllib3/urllib3,release,1.25.2,2019-04-29,pypi.downloads,,,,,,,,,,False,INSUFFICIENT,True,0,0,0,"another event falls within this event's analysis window; insufficient data: baseline 0/2 complete weeks, immediate 0/2 complete weeks"
urllib3/urllib3,release,1.24.3,2019-05-02,pypi.downloads,,,,,,,,,,False,INSUFFICIENT,True,0,0,0,"another event falls within this event's analysis window; insufficient data: baseline 0/2 complete weeks, immediate 0/2 complete weeks"
urllib3/urllib3,release,1.25.4,2019-09-19,pypi.downloads,,,,,,,,,,False,INSUFFICIENT,True,0,0,0,"another event falls within this event's analysis window; insufficient data: baseline 0/2 complete weeks, immediate 0/2 complete weeks"
urllib3/urllib3,release,1.25.5,2019-09-20,pypi.downloads,,,,,,,,,,False,INSUFFICIENT,True,0,0,0,"another event falls within this event's analysis window; insufficient data: baseline 0/2 complete weeks, immediate 0/2 complete weeks"
urllib3/urllib3,release,1.25.6,2019-09-24,pypi.downloads,,,,,,,,,,False,INSUFFICIENT,True,0,0,0,"another event falls within this event's analysis window; insufficient data: baseline 0/2 complete weeks, immediate 0/2 complete weeks"
urllib3/urllib3,release,1.25.7,2019-12-29,pypi.downloads,,,,,,,,,,False,INSUFFICIENT,True,0,0,0,"another event falls within this event's analysis window; insufficient data: baseline 0/2 complete weeks, immediate 0/2 complete weeks"
urllib3/urllib3,release,1.25.8,2020-01-21,pypi.downloads,,,,,,,,,,False,INSUFFICIENT,False,0,0,0,"insufficient data: baseline 0/2 complete weeks, immediate 0/2 complete weeks"
urllib3/urllib3,release,1.25.9,2020-07-16,pypi.downloads,,,,,,,,,,False,INSUFFICIENT,True,0,0,0,"another event falls within this event's analysis window; insufficient data: baseline 0/2 complete weeks, immediate 0/2 complete weeks"
urllib3/urllib3,release,1.25.10,2020-07-22,pypi.downloads,,,,,,,,,,False,INSUFFICIENT,True,0,0,0,"another event falls within this event's analysis window; insufficient data: baseline 0/2 complete weeks, immediate 0/2 complete weeks"
urllib3/urllib3,release,1.25.11,2020-10-19,pypi.downloads,,,,,,,,,,False,INSUFFICIENT,True,0,0,0,"another event falls within this event's analysis window; insufficient data: baseline 0/2 complete weeks, immediate 0/2 complete weeks"
urllib3/urllib3,release,1.26.0,2020-11-10,pypi.downloads,,,,,,,,,,False,INSUFFICIENT,True,0,0,0,"another event falls within this event's analysis window; insufficient data: baseline 0/2 complete weeks, immediate 0/2 complete weeks"
urllib3/urllib3,release,1.26.1,2020-11-11,pypi.downloads,,,,,,,,,,False,INSUFFICIENT,True,0,0,0,"another event falls within this event's analysis window; insufficient data: baseline 0/2 complete weeks, immediate 0/2 complete weeks"
urllib3/urllib3,release,1.26.2,2020-11-12,pypi.downloads,,,,,,,,,,False,INSUFFICIENT,True,0,0,0,"another event falls within this event's analysis window; insufficient data: baseline 0/2 complete weeks, immediate 0/2 complete weeks"
urllib3/urllib3,release,1.26.3,2021-01-26,pypi.downloads,,,,,,,,,,False,INSUFFICIENT,False,0,0,0,"insufficient data: baseline 0/2 complete weeks, immediate 0/2 complete weeks"
urllib3/urllib3,release,1.26.4,2021-03-15,pypi.downloads,,,,,,,,,,False,INSUFFICIENT,False,0,0,0,"insufficient data: baseline 0/2 complete weeks, immediate 0/2 complete weeks"
urllib3/urllib3,release,1.26.5,2021-05-26,pypi.downloads,,,,,,,,,,False,INSUFFICIENT,True,0,0,0,"another event falls within this event's analysis window; insufficient data: baseline 0/2 complete weeks, immediate 0/2 complete weeks"
urllib3/urllib3,release,1.26.6,2021-06-25,pypi.downloads,,,,,,,,,,False,INSUFFICIENT,False,0,0,0,"insufficient data: baseline 0/2 complete weeks, immediate 0/2 complete weeks"
urllib3/urllib3,release,1.26.7,2021-09-22,pypi.downloads,,,,,,,,,,False,INSUFFICIENT,False,0,0,0,"insufficient data: baseline 0/2 complete weeks, immediate 0/2 complete weeks"
urllib3/urllib3,release,1.26.8,2022-01-07,pypi.downloads,,,,,,,,,,False,INSUFFICIENT,False,0,0,0,"insufficient data: baseline 0/2 complete weeks, immediate 0/2 complete weeks"
urllib3/urllib3,release,1.26.9,2022-03-16,pypi.downloads,,,,,,,,,,False,INSUFFICIENT,False,0,0,0,"insufficient data: baseline 0/2 complete weeks, immediate 0/2 complete weeks"
urllib3/urllib3,release,1.26.10,2022-07-07,pypi.downloads,,,,,,,,,,False,INSUFFICIENT,True,0,0,0,"another event falls within this event's analysis window; insufficient data: baseline 0/2 complete weeks, immediate 0/2 complete weeks"
urllib3/urllib3,release,1.26.11,2022-07-25,pypi.downloads,,,,,,,,,,False,INSUFFICIENT,True,0,0,0,"another event falls within this event's analysis window; insufficient data: baseline 0/2 complete weeks, immediate 0/2 complete weeks"
urllib3/urllib3,release,1.26.12,2022-08-22,pypi.downloads,,,,,,,,,,False,INSUFFICIENT,False,0,0,0,"insufficient data: baseline 0/2 complete weeks, immediate 0/2 complete weeks"
urllib3/urllib3,release,2.0.0a1,2022-11-15,pypi.downloads,,,,,,,,,,False,INSUFFICIENT,True,0,0,0,"another event falls within this event's analysis window; insufficient data: baseline 0/2 complete weeks, immediate 0/2 complete weeks"
urllib3/urllib3,release,1.26.13,2022-11-23,pypi.downloads,,,,,,,,,,False,INSUFFICIENT,True,0,0,0,"another event falls within this event's analysis window; insufficient data: baseline 0/2 complete weeks, immediate 0/2 complete weeks"
urllib3/urllib3,release,2.0.0a2,2022-11-23,pypi.downloads,,,,,,,,,,False,INSUFFICIENT,True,0,0,0,"another event falls within this event's analysis window; insufficient data: baseline 0/2 complete weeks, immediate 0/2 complete weeks"
urllib3/urllib3,release,1.26.14,2023-01-11,pypi.downloads,,,,,,,,,,False,INSUFFICIENT,False,0,0,0,"insufficient data: baseline 0/2 complete weeks, immediate 0/2 complete weeks"
urllib3/urllib3,release,2.0.0a3,2023-01-11,pypi.downloads,,,,,,,,,,False,INSUFFICIENT,False,0,0,0,"insufficient data: baseline 0/2 complete weeks, immediate 0/2 complete weeks"
urllib3/urllib3,release,1.26.15,2023-03-11,pypi.downloads,,,,,,,,,,False,INSUFFICIENT,False,0,0,0,"insufficient data: baseline 0/2 complete weeks, immediate 0/2 complete weeks"
urllib3/urllib3,release,2.0.0a4,2023-04-25,pypi.downloads,,,,,,,,,,False,INSUFFICIENT,True,0,0,0,"another event falls within this event's analysis window; insufficient data: baseline 0/2 complete weeks, immediate 0/2 complete weeks"
urllib3/urllib3,release,2.0.0,2023-04-26,pypi.downloads,,,,,,,,,,False,INSUFFICIENT,True,0,0,0,"another event falls within this event's analysis window; insufficient data: baseline 0/2 complete weeks, immediate 0/2 complete weeks"
urllib3/urllib3,release,2.0.1,2023-04-30,pypi.downloads,,,,,,,,,,False,INSUFFICIENT,True,0,0,0,"another event falls within this event's analysis window; insufficient data: baseline 0/2 complete weeks, immediate 0/2 complete weeks"
urllib3/urllib3,release,2.0.2,2023-05-03,pypi.downloads,,,,,,,,,,False,INSUFFICIENT,True,0,0,0,"another event falls within this event's analysis window; insufficient data: baseline 0/2 complete weeks, immediate 0/2 complete weeks"
urllib3/urllib3,release,1.26.16,2023-05-23,pypi.downloads,,,,,,,,,,False,INSUFFICIENT,True,0,0,0,"another event falls within this event's analysis window; insufficient data: baseline 0/2 complete weeks, immediate 0/2 complete weeks"
urllib3/urllib3,release,2.0.3,2023-06-07,pypi.downloads,,,,,,,,,,False,INSUFFICIENT,True,0,0,0,"another event falls within this event's analysis window; insufficient data: baseline 0/2 complete weeks, immediate 0/2 complete weeks"
urllib3/urllib3,release,2.0.4,2023-07-19,pypi.downloads,,,,,,,,,,False,INSUFFICIENT,False,0,0,0,"insufficient data: baseline 0/2 complete weeks, immediate 0/2 complete weeks"
urllib3/urllib3,release,v2.0.5,2023-09-20,pypi.downloads,,,,,,,,,,False,INSUFFICIENT,True,0,0,0,"another event falls within this event's analysis window; insufficient data: baseline 0/2 complete weeks, immediate 0/2 complete weeks"
urllib3/urllib3,release,1.26.17,2023-10-02,pypi.downloads,,,,,,,,,,False,INSUFFICIENT,True,0,0,0,"another event falls within this event's analysis window; insufficient data: baseline 0/2 complete weeks, immediate 0/2 complete weeks"
urllib3/urllib3,release,2.0.6,2023-10-02,pypi.downloads,,,,,,,,,,False,INSUFFICIENT,True,0,0,0,"another event falls within this event's analysis window; insufficient data: baseline 0/2 complete weeks, immediate 0/2 complete weeks"
urllib3/urllib3,release,1.26.18,2023-10-17,pypi.downloads,,,,,,,,,,False,INSUFFICIENT,True,0,0,0,"another event falls within this event's analysis window; insufficient data: baseline 0/2 complete weeks, immediate 0/2 complete weeks"
urllib3/urllib3,release,2.0.7,2023-10-17,pypi.downloads,,,,,,,,,,False,INSUFFICIENT,True,0,0,0,"another event falls within this event's analysis window; insufficient data: baseline 0/2 complete weeks, immediate 0/2 complete weeks"
urllib3/urllib3,release,2.1.0,2023-11-13,pypi.downloads,,,,,,,,,,False,INSUFFICIENT,False,0,0,0,"insufficient data: baseline 0/2 complete weeks, immediate 0/2 complete weeks"
urllib3/urllib3,release,2.2.0,2024-01-30,pypi.downloads,,,,,,,,,,False,INSUFFICIENT,True,0,0,0,"another event falls within this event's analysis window; insufficient data: baseline 0/2 complete weeks, immediate 0/2 complete weeks"
urllib3/urllib3,release,2.2.1,2024-02-18,pypi.downloads,,,,,,,,,,False,INSUFFICIENT,False,0,0,0,"insufficient data: baseline 0/2 complete weeks, immediate 0/2 complete weeks"
urllib3/urllib3,release,1.26.19,2024-06-17,pypi.downloads,,,,,,,,,,False,INSUFFICIENT,False,0,0,0,"insufficient data: baseline 0/2 complete weeks, immediate 0/2 complete weeks"
urllib3/urllib3,release,2.2.2,2024-06-17,pypi.downloads,,,,,,,,,,False,INSUFFICIENT,False,0,0,0,"insufficient data: baseline 0/2 complete weeks, immediate 0/2 complete weeks"
urllib3/urllib3,release,1.26.20,2024-08-29,pypi.downloads,,,,,,,,,,False,INSUFFICIENT,True,0,0,0,"another event falls within this event's analysis window; insufficient data: baseline 0/2 complete weeks, immediate 0/2 complete weeks"
urllib3/urllib3,release,2.2.3,2024-09-12,pypi.downloads,,,,,,,,,,False,INSUFFICIENT,True,0,0,0,"another event falls within this event's analysis window; insufficient data: baseline 0/2 complete weeks, immediate 0/2 complete weeks"
urllib3/urllib3,release,2.3.0,2024-12-22,pypi.downloads,,,,,,,,,,False,INSUFFICIENT,False,0,0,0,"insufficient data: baseline 0/2 complete weeks, immediate 0/2 complete weeks"
urllib3/urllib3,release,2.4.0,2025-04-10,pypi.downloads,,,,,,,,,,False,INSUFFICIENT,False,0,0,0,"insufficient data: baseline 0/2 complete weeks, immediate 0/2 complete weeks"
urllib3/urllib3,release,2.5.0,2025-06-18,pypi.downloads,,,,,,,,,,False,INSUFFICIENT,False,0,0,0,"insufficient data: baseline 0/2 complete weeks, immediate 0/2 complete weeks"
urllib3/urllib3,release,2.6.0,2025-12-05,pypi.downloads,,,,,,,,,,False,INSUFFICIENT,True,0,0,0,"another event falls within this event's analysis window; insufficient data: baseline 0/2 complete weeks, immediate 0/2 complete weeks"
urllib3/urllib3,release,2.6.1,2025-12-08,pypi.downloads,,,,,,,,,,False,INSUFFICIENT,True,0,0,0,"another event falls within this event's analysis window; insufficient data: baseline 0/2 complete weeks, immediate 0/2 complete weeks"
urllib3/urllib3,release,2.6.2,2025-12-11,pypi.downloads,,,,,,,,,,False,INSUFFICIENT,True,0,0,0,"another event falls within this event's analysis window; insufficient data: baseline 0/2 complete weeks, immediate 0/2 complete weeks"
urllib3/urllib3,release,2.6.3,2026-01-07,pypi.downloads,,,,,,,,,,False,INSUFFICIENT,False,0,0,0,"insufficient data: baseline 0/2 complete weeks, immediate 0/2 complete weeks"
urllib3/urllib3,release,2.7.0,2026-05-07,pypi.downloads,50911475.428571425,57910621.571428575,56791730.71428572,0.0007180861687363649,50604122.02030109,51410266.320507884,0.14438546227906698,0.10467684334152402,1.3542118425427778,False,FLAT,False,14,14,28,
